target,method,country,n,n_truth,response_coverage,bias,mae,rmse,wasserstein,iqr_ratio,real_median,synthetic_median,spearman,real_zero,synthetic_zero,real_integer,synthetic_integer,accuracy,jsd,balanced_accuracy,ordinal_mae
c1120,conditional_donor,AT,60,60,1.0,-0.008333333333333304,3.331666666666666,4.497536362647147,0.9716666666666665,0.9859154929577465,3.8000000000000007,3.0,0.2875019530603303,0.13333333333333333,0.06666666666666667,0.5666666666666667,0.65,,,,
c1120,conditional_donor,BE,60,60,1.0,-1.3849999999999996,4.225,10.209578835583768,1.5516666666666685,1.1500000000000001,3.0,2.8500000000000005,0.3493682869394295,0.08333333333333333,0.11666666666666667,0.6666666666666666,0.6333333333333333,,,,
c1120,conditional_donor,DE,60,60,1.0,-0.29666666666666675,2.293333333333334,3.38501600193165,0.9266666666666664,0.6666666666666666,3.0,2.4000000000000004,0.432257065971832,0.016666666666666666,0.08333333333333333,0.5166666666666667,0.7,,,,
c1120,conditional_donor,EL,60,60,1.0,-1.4549999999999998,6.138333333333334,9.679299217057675,2.048333333333334,1.019108280254777,8.0,5.0,0.3693406581293509,0.1,0.1,0.8166666666666667,0.7666666666666667,,,,
c1120,conditional_donor,ES,60,60,1.0,-1.2883333333333333,3.518333333333333,6.833410568669207,2.038333333333334,0.6666666666666666,3.3000000000000007,2.8,0.4789471667272308,0.06666666666666667,0.06666666666666667,0.6666666666666666,0.6166666666666667,,,,
c1120,conditional_donor,FI,60,60,1.0,-1.0216666666666667,2.378333333333333,4.914180162210851,1.241666666666668,0.6607142857142858,2.0,1.9500000000000002,0.49329055102451896,0.18333333333333332,0.16666666666666666,0.5833333333333334,0.5,,,,
c1120,conditional_donor,FR,60,60,1.0,-1.0899999999999999,4.003333333333334,6.884112143188837,1.3233333333333337,0.7230769230769231,3.0,2.0,0.06891426266358816,0.06666666666666667,0.2,0.65,0.6166666666666667,,,,
c1120,conditional_donor,IE,60,60,1.0,-1.48,4.16,9.0953284712538,1.6800000000000017,1.0,2.5,2.0,0.6582542700826248,0.31666666666666665,0.3,0.75,0.75,,,,
c1120,conditional_donor,IT,60,60,1.0,-2.8866666666666663,4.260000000000001,10.416109318422754,2.8866666666666685,0.783132530120482,2.1500000000000004,2.0,0.42476514500001583,0.1,0.21666666666666667,0.6833333333333333,0.7666666666666667,,,,
c1120,conditional_donor,NL,60,60,1.0,-0.58,3.1599999999999997,7.388955722337675,1.6033333333333348,0.6833333333333332,3.0500000000000003,3.0,0.16979359736460548,0.08333333333333333,0.05,0.6166666666666667,0.4666666666666667,,,,
c1120,conditional_donor,PT,60,60,1.0,0.275,3.5649999999999995,6.982943505428065,0.9350000000000003,0.8623853211009175,3.7000000000000006,3.3,0.705843786005792,0.1,0.05,0.6666666666666666,0.6,,,,
c1120,country_previous,AT,60,60,1.0,-0.8033333333333333,2.7266666666666666,3.816149892234318,2.283333333333333,0.28169014084507044,3.8000000000000007,3.2,-0.23181067033094874,0.13333333333333333,0.0,0.5666666666666667,0.0,,,,
c1120,country_previous,BE,60,60,1.0,-2.83,3.8666666666666667,10.391005726107554,3.733333333333335,0.16666666666666666,3.0,2.5,0.05023136136753393,0.08333333333333333,0.0,0.6666666666666666,0.3333333333333333,,,,
c1120,country_previous,DE,60,60,1.0,-0.8916666666666667,2.1983333333333333,3.718041599193497,2.0316666666666667,0.31111111111111117,3.0,2.5,0.059680831729942006,0.016666666666666666,0.0,0.5166666666666667,0.3333333333333333,,,,
c1120,country_previous,EL,60,60,1.0,0.20999999999999996,6.273333333333334,9.812542993536384,5.340000000000001,0.25477707006369427,8.0,8.0,-0.14538927376482697,0.1,0.0,0.8166666666666667,1.0,,,,
c1120,country_previous,ES,60,60,1.0,-2.7333333333333334,4.683333333333334,9.146164952226332,4.5166666666666675,0.1111111111111111,3.3000000000000007,3.0,-0.15433037292559737,0.06666666666666667,0.0,0.6666666666666666,0.6666666666666666,,,,
c1120,country_previous,FI,60,60,1.0,-1.335,2.878333333333333,7.065231772560614,2.8016666666666685,0.07142857142857148,2.0,2.0,0.08613383930149918,0.18333333333333332,0.0,0.5833333333333334,0.6666666666666666,,,,
c1120,country_previous,FR,60,60,1.0,-1.69,2.9600000000000004,5.954438120707389,2.713333333333334,0.3076923076923077,3.0,2.0,0.17713413746609336,0.06666666666666667,0.0,0.65,1.0,,,,
c1120,country_previous,IE,60,60,1.0,-0.7233333333333333,5.070000000000001,10.139041703566795,4.4266666666666685,0.36999999999999994,2.5,4.0,-0.21274961339619367,0.31666666666666665,0.0,0.75,0.6666666666666666,,,,
c1120,country_previous,IT,60,60,1.0,-3.331666666666666,6.171666666666667,12.50284634260002,5.388333333333335,0.48192771084337344,2.1500000000000004,3.0,0.06761121693392512,0.1,0.0,0.6833333333333333,1.0,,,,
c1120,country_previous,NL,60,60,1.0,-0.9616666666666664,3.0983333333333336,7.020743075582053,2.8650000000000015,0.3,3.0500000000000003,2.7,0.1064109337833332,0.08333333333333333,0.0,0.6166666666666667,0.0,,,,
c1120,country_previous,PT,60,60,1.0,-1.965,4.733333333333333,9.060978607928249,4.385000000000002,0.19266055045871555,3.7000000000000006,4.0,0.18014128695007806,0.1,0.0,0.6666666666666666,0.6666666666666666,,,,
c1120,deepseek_demo,AT,60,60,1.0,-0.6900000000000001,2.7266666666666666,3.72464763434073,2.3866666666666663,0.14084507042253522,3.8000000000000007,3.0,-0.17079720358297604,0.13333333333333333,0.0,0.5666666666666667,0.8166666666666667,,,,
c1120,deepseek_demo,BE,60,60,1.0,-2.3883333333333336,3.808333333333333,10.118160241203272,3.451666666666669,0.0,3.0,3.0,0.17089418911009746,0.08333333333333333,0.0,0.6666666666666666,0.75,,,,
c1120,deepseek_demo,DE,60,60,1.0,-0.6416666666666667,2.238333333333333,3.7157995999066826,1.895,0.2222222222222222,3.0,3.0,-0.06671456231064589,0.016666666666666666,0.0,0.5166666666666667,0.6333333333333333,,,,
c1120,deepseek_demo,EL,60,60,1.0,-4.614999999999999,6.6483333333333325,10.858184317217434,6.048333333333336,0.0955414012738854,8.0,3.5,-0.18647342053185242,0.1,0.0,0.8166666666666667,0.65,,,,
c1120,deepseek_demo,ES,60,60,1.0,-2.6716666666666664,4.621666666666667,9.110461020167971,4.438333333333334,0.1111111111111111,3.3000000000000007,3.0,0.14132207499817734,0.06666666666666667,0.0,0.6666666666666666,0.8,,,,
c1120,deepseek_demo,FI,60,60,1.0,-0.9183333333333334,2.9283333333333337,7.034356165752959,2.7216666666666685,0.0,2.0,2.5,-0.027472396773457638,0.18333333333333332,0.0,0.5833333333333334,0.43333333333333335,,,,
c1120,deepseek_demo,FR,60,60,1.0,-1.61,3.0,5.985760881737035,2.626666666666667,0.15384615384615385,3.0,2.5,0.06004090671280924,0.06666666666666667,0.0,0.65,0.5833333333333334,,,,
c1120,deepseek_demo,IE,60,60,1.0,-1.5650000000000002,4.885000000000001,10.178973425645633,4.4683333333333355,0.1,2.5,3.0,-0.27531116134072575,0.31666666666666665,0.0,0.75,0.8166666666666667,,,,
c1120,deepseek_demo,IT,60,60,1.0,-4.59,5.930000000000001,12.940195773892553,5.486666666666668,0.12048192771084336,2.1500000000000004,2.5,-0.13303804114298862,0.1,0.0,0.6833333333333333,0.55,,,,
c1120,deepseek_demo,NL,60,60,1.0,-0.8166666666666667,3.1399999999999997,7.086701160154372,3.0333333333333345,0.0,3.0500000000000003,3.0,-0.02487777318665244,0.08333333333333333,0.0,0.6166666666666667,0.9,,,,
c1120,deepseek_demo,PT,60,60,1.0,-3.1016666666666666,4.758333333333334,9.396781363850073,4.495000000000001,0.0,3.7000000000000006,3.0,0.12482148483490985,0.1,0.0,0.6666666666666666,0.8833333333333333,,,,
c1120,deepseek_history,AT,60,60,1.0,0.3916666666666667,1.8783333333333332,2.8403344873447565,0.5916666666666663,0.7887323943661972,3.8000000000000007,3.5,0.6411820978777429,0.13333333333333333,0.016666666666666666,0.5666666666666667,0.7166666666666667,,,,
c1120,deepseek_history,BE,60,60,1.0,0.49000000000000005,2.7466666666666666,5.9322283615293605,1.640000000000002,1.75,3.0,3.0,0.6182986814419612,0.08333333333333333,0.016666666666666666,0.6666666666666666,0.6833333333333333,,,,
c1120,deepseek_history,DE,60,60,1.0,-0.11333333333333334,1.4566666666666668,2.154607466183419,0.6133333333333331,0.8888888888888888,3.0,2.7,0.6417442398246488,0.016666666666666666,0.016666666666666666,0.5166666666666667,0.5666666666666667,,,,
c1120,deepseek_history,EL,60,60,1.0,0.425,4.765,8.057139690982153,1.4883333333333337,0.6687898089171974,8.0,6.0,0.43084024504828716,0.1,0.05,0.8166666666666667,0.9166666666666666,,,,
c1120,deepseek_history,ES,60,60,1.0,-0.5083333333333333,3.2649999999999997,7.085960297188612,1.3416666666666672,0.6222222222222222,3.3000000000000007,3.0,0.6435943123034609,0.06666666666666667,0.03333333333333333,0.6666666666666666,0.7333333333333333,,,,
c1120,deepseek_history,FI,60,60,1.0,-0.2733333333333334,1.11,1.8131923964838002,0.8133333333333336,0.5357142857142857,2.0,2.0,0.8076855546965265,0.18333333333333332,0.05,0.5833333333333334,0.6666666666666666,,,,
c1120,deepseek_history,FR,60,60,1.0,-0.5266666666666667,2.6666666666666665,5.034613523730827,1.2300000000000004,0.6153846153846154,3.0,3.0,0.5284087727322387,0.06666666666666667,0.0,0.65,0.7333333333333333,,,,
c1120,deepseek_history,IE,60,60,1.0,0.11166666666666662,2.7416666666666667,4.721669902340343,1.5983333333333336,0.75,2.5,3.0,0.6447019762868061,0.31666666666666665,0.05,0.75,0.8166666666666667,,,,
c1120,deepseek_history,IT,60,60,1.0,-1.8133333333333332,3.643333333333333,8.523633810372974,2.470000000000002,0.8433734939759036,2.1500000000000004,3.0,0.6833531698531725,0.1,0.06666666666666667,0.6833333333333333,0.8,,,,
c1120,deepseek_history,NL,60,60,1.0,-0.16833333333333333,2.385,5.489398874193785,1.4216666666666682,0.7833333333333335,3.0500000000000003,3.0,0.5641241201695159,0.08333333333333333,0.0,0.6166666666666667,0.6,,,,
c1120,deepseek_history,PT,60,60,1.0,-1.1283333333333334,3.195,6.925616699375347,1.8549999999999993,0.4587155963302752,3.7000000000000006,4.0,0.5323112649079805,0.1,0.05,0.6666666666666666,0.75,,,,
c1120,deepseek_history1,AT,60,60,1.0,0.6150000000000001,2.171666666666667,2.979793057691535,0.9549999999999997,0.8169014084507044,3.8000000000000007,3.1,0.6457706639382949,0.13333333333333333,0.0,0.5666666666666667,0.6833333333333333,,,,
c1120,deepseek_history1,BE,60,60,1.0,0.8933333333333332,2.8,5.97263202728356,1.3200000000000005,1.3333333333333333,3.0,3.0,0.46014660717560635,0.08333333333333333,0.0,0.6666666666666666,0.65,,,,
c1120,deepseek_history1,DE,60,60,1.0,0.038333333333333316,1.4383333333333332,2.1433229652419006,0.7916666666666665,0.7555555555555556,3.0,2.8000000000000003,0.5734868274289755,0.016666666666666666,0.0,0.5166666666666667,0.6,,,,
c1120,deepseek_history1,EL,60,60,1.0,0.44500000000000006,5.041666666666667,8.942473557877223,1.6416666666666664,0.7643312101910827,8.0,7.0,0.4159579922603021,0.1,0.0,0.8166666666666667,0.9,,,,
c1120,deepseek_history1,ES,60,60,1.0,-0.36333333333333334,3.2899999999999996,6.8488441847268415,1.493333333333334,0.5555555555555556,3.3000000000000007,3.5500000000000016,0.6520451405641464,0.06666666666666667,0.0,0.6666666666666666,0.75,,,,
c1120,deepseek_history1,FI,60,60,1.0,0.16666666666666666,1.6000000000000003,2.3683327468917876,1.17,0.3571428571428571,2.0,2.0,0.5394733191988397,0.18333333333333332,0.0,0.5833333333333334,0.6666666666666666,,,,
c1120,deepseek_history1,FR,60,60,1.0,-0.5350000000000001,3.0516666666666663,6.076306443885134,1.2516666666666665,0.6153846153846154,3.0,2.250000000000001,0.5342227308983188,0.06666666666666667,0.0,0.65,0.7,,,,
c1120,deepseek_history1,IE,60,60,1.0,-0.44833333333333336,3.808333333333333,9.120498889863427,2.4316666666666684,0.53,2.5,3.0,0.5622952465377594,0.31666666666666665,0.0,0.75,0.8,,,,
c1120,deepseek_history1,IT,60,60,1.0,-2.1816666666666666,3.838333333333333,8.662861344074871,2.738333333333335,0.7228915662650601,2.1500000000000004,2.0,0.6108895051978237,0.1,0.0,0.6833333333333333,0.7833333333333333,,,,
c1120,deepseek_history1,NL,60,60,1.0,0.5516666666666665,1.9016666666666666,3.473590841382061,1.3449999999999998,0.5,3.0500000000000003,3.0,0.6835304200050154,0.08333333333333333,0.0,0.6166666666666667,0.6666666666666666,,,,
c1120,deepseek_history1,PT,60,60,1.0,-1.0883333333333332,3.2183333333333333,6.591294764055593,2.2783333333333324,0.36697247706422015,3.7000000000000006,4.0,0.5299283456196143,0.1,0.0,0.6666666666666666,0.7333333333333333,,,,
c1120,deepseek_history_repeat,AT,12,12,1.0,0.7833333333333332,1.9333333333333333,2.745299012251064,0.7833333333333332,0.6451612903225807,3.25,3.5000000000000004,0.7508944345741063,0.25,0.0,0.6666666666666666,1.0,,,,
c1120,deepseek_history_repeat,BE,12,12,1.0,0.16666666666666666,1.3833333333333335,2.023610634484806,0.4999999999999999,0.8,3.3000000000000003,3.6000000000000005,0.1864098651152216,0.08333333333333333,0.0,0.75,0.8333333333333334,,,,
c1120,deepseek_history_repeat,DE,12,12,1.0,-0.19999999999999998,1.25,1.606237840420901,0.6499999999999999,1.4137931034482758,3.2,3.75,0.4184502403174485,0.0,0.0,0.5,0.5833333333333334,,,,
c1120,deepseek_history_repeat,EL,12,12,1.0,0.2416666666666667,2.525,3.9750262053643537,1.1083333333333334,0.5321100917431192,4.0,4.0,0.7438470579117015,0.08333333333333333,0.0,0.75,0.8333333333333334,,,,
c1120,deepseek_history_repeat,ES,12,12,1.0,1.0916666666666666,1.4416666666666664,2.291833327273168,1.0916666666666668,1.3333333333333328,2.45,3.0,-0.08878268581497935,0.0,0.0,0.5,0.5833333333333334,,,,
c1120,deepseek_history_repeat,FI,12,12,1.0,0.3833333333333333,0.9499999999999998,1.260290971693971,0.3833333333333333,0.6086956521739131,2.0500000000000003,2.15,0.7738709156208343,0.08333333333333333,0.0,0.6666666666666666,0.75,,,,
c1120,deepseek_history_repeat,FR,12,12,1.0,0.7833333333333332,4.233333333333333,7.101643002385669,1.316666666666667,0.6593406593406593,3.6000000000000005,3.5000000000000004,0.5331980555802699,0.0,0.0,0.6666666666666666,0.9166666666666666,,,,
c1120,deepseek_history_repeat,IE,12,12,1.0,1.2916666666666667,1.875,2.6100766272276377,1.291666666666667,0.5909090909090909,2.75,3.0,0.7676286264080758,0.3333333333333333,0.08333333333333333,0.8333333333333334,0.75,,,,
c1120,deepseek_history_repeat,IT,12,12,1.0,-0.016666666666666607,2.766666666666667,4.291852746774986,2.2333333333333334,2.2857142857142856,2.6,3.0,0.6506249195723138,0.0,0.0,0.5,0.8333333333333334,,,,
c1120,deepseek_history_repeat,NL,12,12,1.0,0.3583333333333334,1.9583333333333337,3.148147603485792,1.391666666666667,0.978723404255319,3.3000000000000003,3.0,0.5045446370757306,0.08333333333333333,0.0,0.4166666666666667,0.75,,,,
c1120,deepseek_history_repeat,PT,12,12,1.0,1.6083333333333332,3.9083333333333337,7.720913158428866,2.608333333333334,0.4432432432432432,2.7,3.5000000000000004,0.2638351562588675,0.25,0.08333333333333333,0.5833333333333334,0.5833333333333334,,,,
c1120,deepseek_matched_history,AT,60,60,1.0,0.4616666666666668,4.265000000000001,5.68200375454528,0.5550000000000002,0.8450704225352114,3.8000000000000007,3.5,-0.28034807757925123,0.13333333333333333,0.016666666666666666,0.5666666666666667,0.6666666666666666,,,,
c1120,deepseek_matched_history,BE,60,60,1.0,0.46499999999999986,5.785,11.701602454364956,1.6150000000000015,1.6666666666666667,3.0,3.0,0.27411068239677305,0.08333333333333333,0.0,0.6666666666666666,0.7333333333333333,,,,
c1120,deepseek_matched_history,DE,60,60,1.0,-0.06166666666666673,2.748333333333333,3.814424377718522,0.6083333333333333,0.8888888888888888,3.0,2.6000000000000005,0.2024365996889258,0.016666666666666666,0.016666666666666666,0.5166666666666667,0.5666666666666667,,,,
c1120,deepseek_matched_history,EL,60,60,1.0,0.19999999999999987,8.826666666666666,12.930442116700162,1.3266666666666667,0.7643312101910827,8.0,7.0000000000000036,-0.1855434928840382,0.1,0.016666666666666666,0.8166666666666667,0.9166666666666666,,,,
c1120,deepseek_matched_history,ES,60,60,1.0,-0.5566666666666668,6.590000000000001,11.229395946948053,1.543333333333334,0.5555555555555556,3.3000000000000007,3.250000000000001,-0.24676773435508306,0.06666666666666667,0.016666666666666666,0.6666666666666666,0.7,,,,
c1120,deepseek_matched_history,FI,60,60,1.0,0.05999999999999995,4.616666666666668,10.324969733611814,0.7333333333333334,0.44642857142857156,2.0,2.0,-0.1822767479345242,0.18333333333333332,0.016666666666666666,0.5833333333333334,0.7166666666666667,,,,
c1120,deepseek_matched_history,FR,60,60,1.0,-0.6933333333333332,3.603333333333333,6.38542611472928,1.3166666666666664,0.6153846153846154,3.0,2.750000000000001,0.05725314430206469,0.06666666666666667,0.016666666666666666,0.65,0.7166666666666667,,,,
c1120,deepseek_matched_history,IE,60,60,1.0,0.3016666666666667,6.535,12.469890403153777,1.6850000000000007,0.55,2.5,3.0,0.1704525514142544,0.31666666666666665,0.1,0.75,0.8166666666666667,,,,
c1120,deepseek_matched_history,IT,60,60,1.0,-2.3466666666666662,7.01,12.054445929476255,2.6733333333333356,0.7228915662650601,2.1500000000000004,2.1000000000000005,0.14390145396430037,0.1,0.06666666666666667,0.6833333333333333,0.8166666666666667,,,,
c1120,deepseek_matched_history,NL,60,60,1.0,2.960594732333751e-17,2.79,4.827697864061779,1.3133333333333348,0.7999999999999999,3.0500000000000003,3.0,0.39380002468361214,0.08333333333333333,0.0,0.6166666666666667,0.55,,,,
c1120,deepseek_matched_history,PT,60,60,1.0,-0.9816666666666668,6.255,11.254399139891921,1.8849999999999991,0.5045871559633027,3.7000000000000006,4.0,-0.08545597374174586,0.1,0.05,0.6666666666666666,0.75,,,,
c1120,deepseek_reversed_history,AT,60,60,1.0,0.3933333333333334,2.04,3.094780552263224,0.49999999999999994,0.7183098591549297,3.8000000000000007,3.5,0.6737866048638914,0.13333333333333333,0.03333333333333333,0.5666666666666667,0.7666666666666667,,,,
c1120,deepseek_reversed_history,BE,60,60,1.0,0.41833333333333333,2.541666666666666,5.11010436944948,1.5050000000000012,1.0833333333333335,3.0,3.0,0.6968427303562976,0.08333333333333333,0.0,0.6666666666666666,0.65,,,,
c1120,deepseek_reversed_history,DE,60,60,1.0,0.505,1.995,3.676071272432024,0.6750000000000007,0.9555555555555555,3.0,3.0,0.6690556282396296,0.016666666666666666,0.0,0.5166666666666667,0.5833333333333334,,,,
c1120,deepseek_reversed_history,EL,60,60,1.0,-0.05666666666666664,4.3100000000000005,6.972063300534977,1.7466666666666681,0.8407643312101911,8.0,6.0,0.6087340076164642,0.1,0.05,0.8166666666666667,0.8833333333333333,,,,
c1120,deepseek_reversed_history,ES,60,60,1.0,-0.09500000000000001,2.9716666666666667,5.924623757393094,1.435,0.8888888888888888,3.3000000000000007,3.750000000000001,0.6355332788445044,0.06666666666666667,0.05,0.6666666666666666,0.8666666666666667,,,,
c1120,deepseek_reversed_history,FI,60,60,1.0,-0.5566666666666668,1.8066666666666669,4.3636376262624434,1.0766666666666682,0.5714285714285714,2.0,2.0,0.6697977414989609,0.18333333333333332,0.05,0.5833333333333334,0.7,,,,
c1120,deepseek_reversed_history,FR,60,60,1.0,-0.33833333333333315,2.8716666666666666,5.45678476760812,1.0116666666666665,0.8,3.0,3.0,0.4957601358585912,0.06666666666666667,0.016666666666666666,0.65,0.6666666666666666,,,,
c1120,deepseek_reversed_history,IE,60,60,1.0,0.3333333333333333,3.0733333333333333,5.722586827650586,1.8800000000000008,0.4600000000000001,2.5,3.0,0.6383246134036425,0.31666666666666665,0.016666666666666666,0.75,0.75,,,,
c1120,deepseek_reversed_history,IT,60,60,1.0,-1.9766666666666668,4.263333333333333,9.855607540887574,3.040000000000002,0.8433734939759036,2.1500000000000004,3.0,0.6801920752915896,0.1,0.06666666666666667,0.6833333333333333,0.8166666666666667,,,,
c1120,deepseek_reversed_history,NL,60,60,1.0,-0.23666666666666653,2.67,6.302592059356743,1.480000000000001,0.6666666666666666,3.0500000000000003,3.0,0.6045107504838888,0.08333333333333333,0.0,0.6166666666666667,0.5833333333333334,,,,
c1120,deepseek_reversed_history,PT,60,60,1.0,0.26333333333333325,2.8766666666666665,5.779648201519996,0.9033333333333331,0.6238532110091742,3.7000000000000006,3.5,0.6366983484185682,0.1,0.03333333333333333,0.6666666666666666,0.75,,,,
c1120,deepseek_shuffled_history,AT,60,60,1.0,0.67,4.256666666666667,5.725673177307043,0.776666666666667,0.7464788732394367,3.8000000000000007,3.5,-0.19659566229866673,0.13333333333333333,0.03333333333333333,0.5666666666666667,0.6833333333333333,,,,
c1120,deepseek_shuffled_history,BE,60,60,1.0,0.30333333333333357,5.916666666666666,11.999666662036908,1.4600000000000017,1.3833333333333335,3.0,3.0,0.1807714763986152,0.08333333333333333,0.0,0.6666666666666666,0.7,,,,
c1120,deepseek_shuffled_history,DE,60,60,1.0,-0.10166666666666672,3.0383333333333336,4.494867443355068,0.6249999999999999,0.9555555555555553,3.0,2.6500000000000004,0.10349124462798841,0.016666666666666666,0.016666666666666666,0.5166666666666667,0.5166666666666667,,,,
c1120,deepseek_shuffled_history,EL,60,60,1.0,0.2816666666666668,8.208333333333334,12.609064200011039,1.4716666666666667,0.7643312101910827,8.0,6.0,-0.037297399537365016,0.1,0.03333333333333333,0.8166666666666667,0.9,,,,
c1120,deepseek_shuffled_history,ES,60,60,1.0,-0.6749999999999999,6.661666666666665,10.696393473191483,1.675000000000001,0.5555555555555556,3.3000000000000007,3.0,-0.09971875213610149,0.06666666666666667,0.03333333333333333,0.6666666666666666,0.6833333333333333,,,,
c1120,deepseek_shuffled_history,FI,60,60,1.0,-0.265,4.2716666666666665,9.498868353651396,0.6850000000000003,0.5535714285714285,2.0,2.0,0.02623759382863622,0.18333333333333332,0.06666666666666667,0.5833333333333334,0.6833333333333333,,,,
c1120,deepseek_shuffled_history,FR,60,60,1.0,-0.5233333333333333,3.743333333333333,6.726242140551687,1.2466666666666664,0.6153846153846154,3.0,3.0,0.012740359213919075,0.06666666666666667,0.0,0.65,0.7666666666666667,,,,
c1120,deepseek_shuffled_history,IE,60,60,1.0,-0.015000000000000072,6.598333333333334,12.284685588162198,1.728333333333334,0.65,2.5,3.0,-0.06330750531752818,0.31666666666666665,0.08333333333333333,0.75,0.8166666666666667,,,,
c1120,deepseek_shuffled_history,IT,60,60,1.0,-2.251666666666667,6.8983333333333325,12.667458308595295,2.798333333333335,0.7228915662650601,2.1500000000000004,2.5,0.1740474791391383,0.1,0.016666666666666666,0.6833333333333333,0.75,,,,
c1120,deepseek_shuffled_history,NL,60,60,1.0,-0.05999999999999996,3.986666666666667,7.798504130066655,1.466666666666668,0.75,3.0500000000000003,3.0,-0.037509106310908306,0.08333333333333333,0.0,0.6166666666666667,0.6,,,,
c1120,deepseek_shuffled_history,PT,60,60,1.0,-0.9916666666666667,5.965000000000001,10.256209501240374,1.8749999999999991,0.5412844036697247,3.7000000000000006,4.0,0.09438468101446326,0.1,0.03333333333333333,0.6666666666666666,0.7166666666666667,,,,
c1120,hist_gradient_boosting,AT,60,60,1.0,0.11336268607371859,1.7454911376065685,2.548739758567348,0.7207093333426885,0.8349057725100214,3.8000000000000007,3.202422886764851,0.7515447608541298,0.13333333333333333,0.0,0.5666666666666667,0.0,,,,
c1120,hist_gradient_boosting,BE,60,60,1.0,-0.4053686195031837,2.3992367230839915,5.21139880487779,1.227515258104766,1.0105983454804701,3.0,3.078190148083761,0.6393171527850043,0.08333333333333333,0.0,0.6666666666666666,0.0,,,,
c1120,hist_gradient_boosting,DE,60,60,1.0,-0.03123339479849451,1.6153879702731258,2.2859800493330136,0.6219388904531695,0.901545197727375,3.0,2.693874326225276,0.6871689390039476,0.016666666666666666,0.0,0.5166666666666667,0.0,,,,
c1120,hist_gradient_boosting,EL,60,60,1.0,-1.0668079255785405,3.8250109242589234,6.324658879312026,1.7964848145680157,0.8224132309539738,8.0,5.5435505267309715,0.5854982975153056,0.1,0.0,0.8166666666666667,0.0,,,,
c1120,hist_gradient_boosting,ES,60,60,1.0,-0.8266584572911098,2.846561835876661,5.961212573180513,1.5913884872377402,0.6920856134214126,3.3000000000000007,3.1262938870908883,0.678959468214258,0.06666666666666667,0.0,0.6666666666666666,0.0,,,,
c1120,hist_gradient_boosting,FI,60,60,1.0,-0.5773421167566001,1.3277709153905903,2.8143006112886395,0.944245548407066,0.614132105900093,2.0,1.9459197723070019,0.8812138653996384,0.18333333333333332,0.0,0.5833333333333334,0.0,,,,
c1120,hist_gradient_boosting,FR,60,60,1.0,-0.8107395102117402,2.690653311567723,5.3810162862916835,1.2642081566071124,0.8147918050927532,3.0,2.3268917144085695,0.6216531410025327,0.06666666666666667,0.0,0.65,0.0,,,,
c1120,hist_gradient_boosting,IE,60,60,1.0,-0.7561626748036852,2.257521638825106,4.943587626562359,1.3347205534770854,1.0606795119478543,2.5,2.510755810127481,0.8006628252519188,0.31666666666666665,0.0,0.75,0.0,,,,
c1120,hist_gradient_boosting,IT,60,60,1.0,-2.4775886219017806,3.882290329471314,9.2960684857671,2.761113672224383,0.7852900297961611,2.1500000000000004,2.459364038129554,0.6798294173876723,0.1,0.0,0.6833333333333333,0.0,,,,
c1120,hist_gradient_boosting,NL,60,60,1.0,-0.41227504677766286,2.4061524409002177,5.8459065345074555,1.5787329412437516,0.624898204111887,3.0500000000000003,2.8450467589954607,0.6378781307959382,0.08333333333333333,0.0,0.6166666666666667,0.0,,,,
c1120,hist_gradient_boosting,PT,60,60,1.0,-1.105864242791511,2.946706289904767,6.550128546464015,1.563048703668571,0.6498074572587804,3.7000000000000006,3.1851048956395553,0.6228746836182709,0.1,0.0,0.6666666666666666,0.0,,,,
c1120,history3,AT,60,60,1.0,0.6183333333333334,2.0616666666666665,3.2695310570987597,0.751666666666667,1.0985915492957747,3.8000000000000007,3.5,0.7313886654886955,0.13333333333333333,0.06666666666666667,0.5666666666666667,0.5166666666666667,,,,
c1120,history3,BE,60,60,1.0,0.03666666666666665,2.4100000000000006,5.236251840136543,1.1866666666666683,1.0,3.0,3.0,0.6506757873882519,0.08333333333333333,0.06666666666666667,0.6666666666666666,0.6,,,,
c1120,history3,DE,60,60,1.0,-0.009999999999999993,1.5799999999999996,2.2174309459372123,0.4466666666666668,0.8888888888888888,3.0,2.5,0.6852897690929566,0.016666666666666666,0.016666666666666666,0.5166666666666667,0.38333333333333336,,,,
c1120,history3,EL,60,60,1.0,0.07833333333333338,3.601666666666667,6.359520422170212,1.1683333333333343,1.0445859872611463,8.0,7.500000000000002,0.6813145771898828,0.1,0.11666666666666667,0.8166666666666667,0.7833333333333333,,,,
c1120,history3,ES,60,60,1.0,-0.3100000000000001,2.61,5.328258001761301,1.0600000000000003,0.7555555555555555,3.3000000000000007,3.5,0.673602515288743,0.06666666666666667,0.05,0.6666666666666666,0.65,,,,
c1120,history3,FI,60,60,1.0,-0.5850000000000002,1.1916666666666667,2.069259126676341,0.7183333333333336,0.8035714285714285,2.0,1.9000000000000004,0.8440861155654886,0.18333333333333332,0.15,0.5833333333333334,0.5666666666666667,,,,
c1120,history3,FR,60,60,1.0,-0.7349999999999999,2.8850000000000002,5.547837416507445,1.1283333333333332,1.123076923076923,3.0,2.3000000000000007,0.5921788690894612,0.06666666666666667,0.1,0.65,0.75,,,,
c1120,history3,IE,60,60,1.0,-0.5966666666666666,1.9766666666666668,4.350785369715833,0.9000000000000006,1.0699999999999998,2.5,2.5,0.822017463557113,0.31666666666666665,0.3333333333333333,0.75,0.7,,,,
c1120,history3,IT,60,60,1.0,-2.1866666666666665,4.066666666666666,9.619390140059123,2.5900000000000016,0.9638554216867469,2.1500000000000004,2.0,0.6335078362977662,0.1,0.1,0.6833333333333333,0.7833333333333333,,,,
c1120,history3,NL,60,60,1.0,-0.3983333333333333,2.5083333333333333,6.133038942210189,1.4416666666666682,0.8666666666666666,3.0500000000000003,2.8500000000000005,0.5891366701655385,0.08333333333333333,0.03333333333333333,0.6166666666666667,0.5333333333333333,,,,
c1120,history3,PT,60,60,1.0,0.1099999999999999,2.5600000000000005,5.502968895665926,0.8233333333333328,0.7247706422018348,3.7000000000000006,3.5500000000000007,0.619174697953848,0.1,0.1,0.6666666666666666,0.6833333333333333,,,,
c1120,last_observation,AT,60,60,1.0,0.38666666666666666,2.0566666666666666,3.391705568982465,0.8066666666666669,1.1126760563380282,3.8000000000000007,3.1500000000000004,0.6939232075538446,0.13333333333333333,0.08333333333333333,0.5666666666666667,0.5333333333333333,,,,
c1120,last_observation,BE,60,60,1.0,0.8616666666666667,2.695,6.022720869064634,1.3283333333333336,1.9166666666666667,3.0,3.0,0.5471245825821027,0.08333333333333333,0.05,0.6666666666666666,0.6333333333333333,,,,
c1120,last_observation,DE,60,60,1.0,-0.125,1.478333333333333,2.1575835248413138,0.5683333333333336,1.0,3.0,2.5,0.6227735444949808,0.016666666666666666,0.03333333333333333,0.5166666666666667,0.4666666666666667,,,,
c1120,last_observation,EL,60,60,1.0,0.8550000000000001,4.558333333333334,9.004582166874819,1.2583333333333333,1.0828025477707006,8.0,8.0,0.5000139803434648,0.1,0.11666666666666667,0.8166666666666667,0.8333333333333334,,,,
c1120,last_observation,ES,60,60,1.0,-0.37000000000000005,3.0166666666666666,6.725374834659156,0.9466666666666668,0.8333333333333334,3.3000000000000007,3.1000000000000005,0.6933334752766218,0.06666666666666667,0.08333333333333333,0.6666666666666666,0.65,,,,
c1120,last_observation,FI,60,60,1.0,-0.33166666666666667,1.125,1.9833053219310437,0.5349999999999997,0.8928571428571428,2.0,2.0,0.8298031964231772,0.18333333333333332,0.16666666666666666,0.5833333333333334,0.5833333333333334,,,,
c1120,last_observation,FR,60,60,1.0,-0.5566666666666665,3.28,6.391270087653417,0.903333333333333,1.0923076923076922,3.0,2.1,0.5824532697462167,0.06666666666666667,0.15,0.65,0.6166666666666667,,,,
c1120,last_observation,IE,60,60,1.0,-0.5016666666666669,2.4216666666666664,4.980512021870844,1.1150000000000007,1.2,2.5,2.1000000000000005,0.7392516178170931,0.31666666666666665,0.3333333333333333,0.75,0.7333333333333333,,,,
c1120,last_observation,IT,60,60,1.0,-2.356666666666667,3.7766666666666664,9.212943793019328,2.4266666666666685,0.9879518072289155,2.1500000000000004,2.0,0.6673798971116612,0.1,0.11666666666666667,0.6833333333333333,0.7166666666666667,,,,
c1120,last_observation,NL,60,60,1.0,0.21333333333333335,2.0633333333333335,3.6571847095819487,0.7533333333333326,0.9666666666666667,3.0500000000000003,3.0,0.583180426199922,0.08333333333333333,0.08333333333333333,0.6166666666666667,0.5166666666666667,,,,
c1120,last_observation,PT,60,60,1.0,-1.0683333333333331,3.0349999999999997,6.614794025515836,1.5949999999999993,0.5321100917431192,3.7000000000000006,4.0,0.5863898782204706,0.1,0.11666666666666667,0.6666666666666666,0.7,,,,
c1220,conditional_donor,AT,60,60,1.0,-1.0933333333333333,3.7133333333333334,6.619944612054294,1.3533333333333344,0.8656716417910445,3.0,2.3500000000000005,0.26774044521449186,0.1,0.1,0.55,0.55,,,,
c1220,conditional_donor,BE,60,60,1.0,-0.3849999999999998,2.835,4.196645485781868,1.0183333333333329,0.8157894736842106,2.6000000000000005,3.0,0.5281950751384556,0.06666666666666667,0.1,0.5666666666666667,0.6666666666666666,,,,
c1220,conditional_donor,DE,60,60,1.0,-0.1816666666666667,1.905,3.1711985116040906,0.5616666666666669,0.9523809523809523,2.5500000000000003,2.5,0.529677345664744,0.08333333333333333,0.08333333333333333,0.5833333333333334,0.6666666666666666,,,,
c1220,conditional_donor,EL,60,60,1.0,0.18166666666666664,5.291666666666667,8.770281257367596,1.3883333333333339,1.391304347826087,5.0,5.0,0.5457901379193417,0.13333333333333333,0.11666666666666667,0.8,0.7666666666666667,,,,
c1220,conditional_donor,ES,60,60,1.0,-2.0283333333333333,5.495000000000001,13.842645460074941,2.518333333333336,1.1428571428571428,3.0,3.0,0.43934862547766534,0.08333333333333333,0.11666666666666667,0.6833333333333333,0.6333333333333333,,,,
c1220,conditional_donor,FI,60,60,1.0,-0.6300000000000001,1.9733333333333332,3.3850160019316498,0.6966666666666665,0.8103448275862066,2.0,1.5,0.32505796743999416,0.18333333333333332,0.2,0.6,0.5166666666666667,,,,
c1220,conditional_donor,FR,60,60,1.0,0.5500000000000002,3.443333333333334,5.581546977914516,1.356666666666667,0.6753246753246753,2.0,2.0,0.3286132885493977,0.15,0.18333333333333332,0.6333333333333333,0.6333333333333333,,,,
c1220,conditional_donor,IE,60,60,1.0,-0.7050000000000002,3.0349999999999997,6.247092657121924,1.7316666666666682,1.0,1.3500000000000005,2.4000000000000004,0.5289900299631063,0.36666666666666664,0.31666666666666665,0.6833333333333333,0.7,,,,
c1220,conditional_donor,IT,60,60,1.0,-0.1,4.276666666666667,9.845963639989739,0.966666666666666,0.6875,2.0,2.0,0.3935043267537025,0.2833333333333333,0.2,0.8,0.7666666666666667,,,,
c1220,conditional_donor,NL,60,60,1.0,-1.41,3.173333333333334,11.835412962799396,1.900000000000004,1.0,2.6500000000000004,2.8,0.42185686961287966,0.08333333333333333,0.06666666666666667,0.6,0.43333333333333335,,,,
c1220,conditional_donor,PT,60,60,1.0,1.5333333333333334,3.31,6.676850554964767,1.736666666666666,1.6716417910447758,2.5,3.0,0.6727611239804139,0.15,0.03333333333333333,0.75,0.5833333333333334,,,,
c1220,country_previous,AT,60,60,1.0,-1.4266666666666665,3.306666666666666,6.3424758572658355,3.0733333333333346,0.14925373134328357,3.0,3.0,-0.21283965887182493,0.1,0.0,0.55,0.6666666666666666,,,,
c1220,country_previous,BE,60,60,1.0,-2.146666666666667,3.376666666666667,5.961291806311784,3.376666666666667,0.0,2.6000000000000005,2.5,,0.06666666666666667,0.0,0.5666666666666667,0.0,,,,
c1220,country_previous,DE,60,60,1.0,-0.9166666666666666,2.0266666666666664,3.750288877762174,2.0266666666666673,0.0,2.5500000000000003,2.5,,0.08333333333333333,0.0,0.5833333333333334,0.0,,,,
c1220,country_previous,EL,60,60,1.0,1.575,6.345,9.567157362560732,5.711666666666668,0.34782608695652173,5.0,8.0,-0.2072679912926699,0.13333333333333333,0.0,0.8,1.0,,,,
c1220,country_previous,ES,60,60,1.0,-4.013333333333334,5.823333333333333,15.051899104985612,5.823333333333336,0.0,3.0,3.0,,0.08333333333333333,0.0,0.6833333333333333,1.0,,,,
c1220,country_previous,FI,60,60,1.0,-1.1416666666666666,2.728333333333333,7.000440462332828,2.7283333333333353,0.0,2.0,2.0,,0.18333333333333332,0.0,0.6,1.0,,,,
c1220,country_previous,FR,60,60,1.0,-0.6166666666666665,3.1666666666666665,5.7513476681557,3.1000000000000005,0.05194805194805199,2.0,2.0,0.120807996141348,0.15,0.0,0.6333333333333333,0.6666666666666666,,,,
c1220,country_previous,IE,60,60,1.0,-0.5100000000000001,4.4,7.90636874087382,4.150000000000002,0.1,1.3500000000000005,3.0,-0.2900987466902213,0.36666666666666664,0.0,0.6833333333333333,0.6666666666666666,,,,
c1220,country_previous,IT,60,60,1.0,-2.228333333333333,5.208333333333332,11.482036695058358,5.208333333333334,0.0,2.0,3.0,,0.2833333333333333,0.0,0.8,1.0,,,,
c1220,country_previous,NL,60,60,1.0,-2.0633333333333335,3.3866666666666663,12.885353442313228,3.3866666666666703,0.0,2.6500000000000004,2.5,,0.08333333333333333,0.0,0.6,0.0,,,,
c1220,country_previous,PT,60,60,1.0,-0.6033333333333333,4.0633333333333335,7.358509812908227,3.626666666666668,0.44776119402985065,2.5,4.0,0.12986117222107965,0.15,0.0,0.75,0.6666666666666666,,,,
c1220,deepseek_demo,AT,60,60,1.0,-1.9149999999999998,3.4116666666666666,6.445683310040397,3.0250000000000012,0.14925373134328357,3.0,2.5,-0.16112336088226015,0.1,0.0,0.55,0.4666666666666667,,,,
c1220,deepseek_demo,BE,60,60,1.0,-2.455,3.481666666666667,6.019094616302356,3.265,0.0,2.6000000000000005,2.0,-0.07537083816922134,0.06666666666666667,0.0,0.5666666666666667,0.9166666666666666,,,,
c1220,deepseek_demo,DE,60,60,1.0,-1.1849999999999998,2.1083333333333334,3.8333840576354117,1.8983333333333339,0.23809523809523808,2.5500000000000003,2.0,-0.09494182711594087,0.08333333333333333,0.0,0.5833333333333334,0.5833333333333334,,,,
c1220,deepseek_demo,EL,60,60,1.0,-4.483333333333333,5.98,10.444679666381987,5.583333333333334,0.17391304347826086,5.0,2.5,-0.1738488009765296,0.13333333333333333,0.0,0.8,0.6833333333333333,,,,
c1220,deepseek_demo,ES,60,60,1.0,-4.621666666666667,5.925,15.259112031831997,5.608333333333336,0.14285714285714285,3.0,2.5,-0.002565340541640153,0.08333333333333333,0.0,0.6833333333333333,0.5166666666666667,,,,
c1220,deepseek_demo,FI,60,60,1.0,-1.125,2.7283333333333335,7.008768317852526,2.7116666666666687,0.0,2.0,2.0,-0.10505905377601389,0.18333333333333332,0.0,0.6,0.9666666666666667,,,,
c1220,deepseek_demo,FR,60,60,1.0,-0.6583333333333335,3.148333333333333,5.763722755303207,3.125000000000001,0.0,2.0,2.0,0.14561222277568453,0.15,0.0,0.6333333333333333,0.9166666666666666,,,,
c1220,deepseek_demo,IE,60,60,1.0,-1.2766666666666666,4.256666666666667,7.963500068018668,3.9066666666666685,0.1,1.3500000000000005,2.5,-0.1842471968851293,0.36666666666666664,0.0,0.6833333333333333,0.5666666666666667,,,,
c1220,deepseek_demo,IT,60,60,1.0,-3.1783333333333332,4.908333333333333,11.715111323983795,4.875000000000002,0.0,2.0,2.0,-0.004757227702927562,0.2833333333333333,0.0,0.8,1.0,,,,
c1220,deepseek_demo,NL,60,60,1.0,-2.4533333333333336,3.4299999999999997,12.898901762036436,3.350000000000004,0.0,2.6500000000000004,2.0,0.12958453083985255,0.08333333333333333,0.0,0.6,0.7833333333333333,,,,
c1220,deepseek_demo,PT,60,60,1.0,-2.5,3.82,7.808435609433343,3.5366666666666684,0.14925373134328357,2.5,2.0,-0.04590778925185979,0.15,0.0,0.75,0.7833333333333333,,,,
c1220,deepseek_history,AT,60,60,1.0,-0.9566666666666668,2.51,5.59237576229161,1.4866666666666675,0.7164179104477612,3.0,2.95,0.7442384228711443,0.1,0.05,0.55,0.7166666666666667,,,,
c1220,deepseek_history,BE,60,60,1.0,0.9400000000000001,2.2999999999999994,5.43571522432881,1.266666666666668,0.9210526315789475,2.6000000000000005,3.0,0.7772246073088055,0.06666666666666667,0.03333333333333333,0.5666666666666667,0.6833333333333333,,,,
c1220,deepseek_history,DE,60,60,1.0,-0.05833333333333335,1.2316666666666665,2.136547058534713,0.4683333333333333,0.9523809523809523,2.5500000000000003,2.5500000000000003,0.720092126764965,0.08333333333333333,0.05,0.5833333333333334,0.6166666666666667,,,,
c1220,deepseek_history,EL,60,60,1.0,-0.08333333333333336,3.9166666666666665,7.475783125086852,0.8599999999999991,0.8695652173913043,5.0,5.0,0.6505646414429016,0.13333333333333333,0.016666666666666666,0.8,0.8833333333333333,,,,
c1220,deepseek_history,ES,60,60,1.0,-2.245,4.3516666666666675,13.097232532103872,2.8283333333333363,0.8571428571428571,3.0,3.0,0.7320567709475074,0.08333333333333333,0.05,0.6833333333333333,0.6833333333333333,,,,
c1220,deepseek_history,FI,60,60,1.0,-0.5783333333333334,1.2916666666666667,3.570737552196558,0.9683333333333348,0.6034482758620688,2.0,2.0,0.8079974290210269,0.18333333333333332,0.11666666666666667,0.6,0.7333333333333333,,,,
c1220,deepseek_history,FR,60,60,1.0,0.053333333333333274,2.21,3.5429742684172383,1.37,0.38961038961038963,2.0,2.0,0.6456490857446452,0.15,0.05,0.6333333333333333,0.6833333333333333,,,,
c1220,deepseek_history,IE,60,60,1.0,0.2833333333333334,2.3966666666666665,3.550633746248689,1.7433333333333336,0.4,1.3500000000000005,2.5,0.6623036856957774,0.36666666666666664,0.06666666666666667,0.6833333333333333,0.7166666666666667,,,,
c1220,deepseek_history,IT,60,60,1.0,-0.9483333333333334,3.4016666666666664,8.104782538723663,1.7383333333333348,0.75,2.0,2.0,0.6101647010522672,0.2833333333333333,0.13333333333333333,0.8,0.8,,,,
c1220,deepseek_history,NL,60,60,1.0,-1.425,2.368333333333333,10.693604007380612,1.8683333333333376,1.0,2.6500000000000004,2.8,0.7708696651398618,0.08333333333333333,0.0,0.6,0.55,,,,
c1220,deepseek_history,PT,60,60,1.0,-0.10833333333333331,2.191666666666667,3.9382525735830267,1.0716666666666668,0.8955223880597013,2.5,3.0,0.648654914370245,0.15,0.05,0.75,0.7,,,,
c1220,deepseek_history1,AT,60,60,1.0,-1.1766666666666667,2.6599999999999993,5.5039077027145,1.5733333333333346,0.5970149253731343,3.0,2.6000000000000005,0.5680547612017179,0.1,0.05,0.55,0.5666666666666667,,,,
c1220,deepseek_history1,BE,60,60,1.0,1.0283333333333333,2.5283333333333333,5.525531648628935,1.3883333333333345,1.0526315789473684,2.6000000000000005,3.0,0.6910305460219945,0.06666666666666667,0.016666666666666666,0.5666666666666667,0.7333333333333333,,,,
c1220,deepseek_history1,DE,60,60,1.0,-0.2283333333333334,1.2516666666666665,2.23245007409647,0.6283333333333336,0.7142857142857143,2.5500000000000003,2.5,0.6581868599824386,0.08333333333333333,0.05,0.5833333333333334,0.5833333333333334,,,,
c1220,deepseek_history1,EL,60,60,1.0,-0.02666666666666669,4.7,8.043030108941116,1.0666666666666669,0.9130434782608695,5.0,4.0,0.5189301796373592,0.13333333333333333,0.016666666666666666,0.8,0.9166666666666666,,,,
c1220,deepseek_history1,ES,60,60,1.0,-2.4350000000000005,4.765000000000001,13.75999636627859,3.195000000000002,0.8571428571428571,3.0,3.0,0.6480460370809358,0.08333333333333333,0.016666666666666666,0.6833333333333333,0.6833333333333333,,,,
c1220,deepseek_history1,FI,60,60,1.0,-0.41999999999999993,1.6700000000000004,3.786687206517063,1.3766666666666683,0.17241379310344826,2.0,2.0,0.6127018808171761,0.18333333333333332,0.03333333333333333,0.6,0.7666666666666667,,,,
c1220,deepseek_history1,FR,60,60,1.0,-0.4283333333333333,2.3583333333333334,3.808389860995501,1.3750000000000004,0.38961038961038963,2.0,2.0,0.5666371519471167,0.15,0.05,0.6333333333333333,0.7333333333333333,,,,
c1220,deepseek_history1,IE,60,60,1.0,-0.40333333333333315,3.183333333333334,7.097299956086587,2.326666666666668,0.25,1.3500000000000005,2.1500000000000004,0.6541308485917976,0.36666666666666664,0.016666666666666666,0.6833333333333333,0.7666666666666667,,,,
c1220,deepseek_history1,IT,60,60,1.0,-0.4250000000000001,3.1416666666666666,6.629291063152983,1.5249999999999995,0.3875,2.0,2.0,0.6482392362974412,0.2833333333333333,0.06666666666666667,0.8,0.7666666666666667,,,,
c1220,deepseek_history1,NL,60,60,1.0,-1.1616666666666668,2.688333333333333,10.925299385676654,1.5516666666666699,1.0,2.6500000000000004,2.6000000000000005,0.7507367454927302,0.08333333333333333,0.0,0.6,0.65,,,,
c1220,deepseek_history1,PT,60,60,1.0,-0.3533333333333334,2.2433333333333336,3.6369401058215596,1.4,0.8955223880597013,2.5,3.0,0.6655185160436734,0.15,0.016666666666666666,0.75,0.7333333333333333,,,,
c1220,deepseek_history_repeat,AT,12,12,1.0,0.9333333333333332,2.3833333333333333,3.314614105241614,1.2666666666666666,1.132075471698113,2.25,3.0,0.4627775962832798,0.08333333333333333,0.0,0.5,0.8333333333333334,,,,
c1220,deepseek_history_repeat,BE,12,12,1.0,0.09166666666666663,1.4749999999999999,2.5214083366245936,1.1416666666666664,0.6862745098039215,3.0,2.75,0.698599130021503,0.0,0.0,0.5833333333333334,0.5833333333333334,,,,
c1220,deepseek_history_repeat,DE,12,12,1.0,-0.20000000000000004,1.1,1.3152946437965907,0.7166666666666668,0.5686274509803921,2.85,3.5,0.7456249348409316,0.0,0.0,0.4166666666666667,0.5,,,,
c1220,deepseek_history_repeat,EL,12,12,1.0,-0.2833333333333334,1.7999999999999998,2.3234313704805944,0.7833333333333334,0.5882352941176471,4.2,3.15,0.7950976793327471,0.08333333333333333,0.0,0.5833333333333334,0.8333333333333334,,,,
c1220,deepseek_history_repeat,ES,12,12,1.0,-0.20000000000000004,0.7999999999999999,1.380217374184226,0.41666666666666674,1.1999999999999997,3.0,3.0,0.47217601757277045,0.0,0.0,0.6666666666666666,0.8333333333333334,,,,
c1220,deepseek_history_repeat,FI,12,12,1.0,-0.041666666666666664,0.6916666666666665,0.9878427675158296,0.35833333333333334,0.784313725490196,1.9000000000000001,2.0,0.7717116346912197,0.16666666666666666,0.08333333333333333,0.5833333333333334,0.8333333333333334,,,,
c1220,deepseek_history_repeat,FR,12,12,1.0,-0.3499999999999999,2.9333333333333336,4.1657332287765785,1.5166666666666666,0.7386363636363635,3.7500000000000004,2.5000000000000004,0.7633645312039884,0.0,0.08333333333333333,0.6666666666666666,0.8333333333333334,,,,
c1220,deepseek_history_repeat,IE,12,12,1.0,0.9833333333333334,1.1500000000000001,1.8266545011760342,1.15,0.5294117647058824,1.2500000000000009,2.4,0.8705196492275472,0.4166666666666667,0.08333333333333333,0.6666666666666666,0.6666666666666666,,,,
c1220,deepseek_history_repeat,IT,12,12,1.0,-0.2333333333333334,1.5999999999999999,2.3724108694181396,0.6000000000000001,0.75,2.0,2.0,0.5240345732252844,0.16666666666666666,0.16666666666666666,0.75,0.8333333333333334,,,,
c1220,deepseek_history_repeat,NL,12,12,1.0,0.3416666666666668,1.6916666666666667,2.1654483754332885,0.8583333333333334,0.9799999999999999,2.1,2.75,0.7422157724582087,0.08333333333333333,0.08333333333333333,0.4166666666666667,0.6666666666666666,,,,
c1220,deepseek_history_repeat,PT,12,12,1.0,1.7583333333333335,2.341666666666667,4.610766386043286,2.0083333333333337,1.0655737704918034,1.5000000000000004,2.6,0.4442049744196831,0.4166666666666667,0.08333333333333333,0.75,0.5833333333333334,,,,
c1220,deepseek_matched_history,AT,60,60,1.0,-0.9416666666666665,4.1083333333333325,6.899842993382772,1.4116666666666677,0.7164179104477612,3.0,2.95,0.05056925660795515,0.1,0.05,0.55,0.6333333333333333,,,,
c1220,deepseek_matched_history,BE,60,60,1.0,1.0883333333333336,5.058333333333334,10.182444041911877,1.3316666666666677,0.7894736842105263,2.6000000000000005,3.0,0.3056691175897935,0.06666666666666667,0.03333333333333333,0.5666666666666667,0.6833333333333333,,,,
c1220,deepseek_matched_history,DE,60,60,1.0,-0.1483333333333333,2.045,2.8122055401410475,0.4650000000000001,0.7142857142857143,2.5500000000000003,2.5,0.38599198647538474,0.08333333333333333,0.03333333333333333,0.5833333333333334,0.65,,,,
c1220,deepseek_matched_history,EL,60,60,1.0,0.00333333333333344,8.249999999999998,12.751679627928759,0.9166666666666664,0.9565217391304348,5.0,5.0,-0.10913346553036042,0.13333333333333333,0.0,0.8,0.8833333333333333,,,,
c1220,deepseek_matched_history,ES,60,60,1.0,-1.8649999999999998,7.728333333333334,15.49767186816566,2.8550000000000026,0.8571428571428571,3.0,3.0,-0.13621838693794203,0.08333333333333333,0.016666666666666666,0.6833333333333333,0.7833333333333333,,,,
c1220,deepseek_matched_history,FI,60,60,1.0,-0.5550000000000002,3.878333333333333,8.531695806422855,1.1383333333333348,0.3275862068965516,2.0,2.0,-0.21345006337807582,0.18333333333333332,0.08333333333333333,0.6,0.7166666666666667,,,,
c1220,deepseek_matched_history,FR,60,60,1.0,-0.10499999999999993,4.215,7.102100628217917,1.2783333333333335,0.5194805194805194,2.0,2.0,-0.03325174545846329,0.15,0.06666666666666667,0.6333333333333333,0.65,,,,
c1220,deepseek_matched_history,IE,60,60,1.0,0.3749999999999999,5.511666666666666,9.861583713244709,1.738333333333334,0.4,1.3500000000000005,2.5,0.06790466578850493,0.36666666666666664,0.11666666666666667,0.6833333333333333,0.7833333333333333,,,,
c1220,deepseek_matched_history,IT,60,60,1.0,-0.42999999999999994,6.706666666666667,12.66460948206984,1.3333333333333335,0.625,2.0,2.0,0.127505142316838,0.2833333333333333,0.13333333333333333,0.8,0.8,,,,
c1220,deepseek_matched_history,NL,60,60,1.0,-1.255,3.525,10.9095141963334,1.8350000000000037,1.0,2.6500000000000004,2.9000000000000004,0.23153386048028315,0.08333333333333333,0.0,0.6,0.6666666666666666,,,,
c1220,deepseek_matched_history,PT,60,60,1.0,-0.03166666666666676,5.641666666666667,9.97355670427222,0.9816666666666667,1.1940298507462686,2.5,3.0,-0.14061093631610475,0.15,0.03333333333333333,0.75,0.7333333333333333,,,,
c1220,deepseek_reversed_history,AT,60,60,1.0,-0.9216666666666666,2.775,5.785311861372154,1.3483333333333345,0.7462686567164178,3.0,2.95,0.7199575773273515,0.1,0.08333333333333333,0.55,0.7833333333333333,,,,
c1220,deepseek_reversed_history,BE,60,60,1.0,0.8483333333333332,2.3816666666666673,6.632759606679561,1.3083333333333353,0.7894736842105263,2.6000000000000005,2.95,0.686570524759491,0.06666666666666667,0.03333333333333333,0.5666666666666667,0.7333333333333333,,,,
c1220,deepseek_reversed_history,DE,60,60,1.0,0.0916666666666666,1.2516666666666667,1.9782568084048135,0.431666666666667,0.9523809523809523,2.5500000000000003,2.5,0.6582720731965164,0.08333333333333333,0.016666666666666666,0.5833333333333334,0.5666666666666667,,,,
c1220,deepseek_reversed_history,EL,60,60,1.0,-0.5266666666666668,3.176666666666667,5.1665913973011905,1.5333333333333345,1.0869565217391304,5.0,4.0,0.7299834814083986,0.13333333333333333,0.016666666666666666,0.8,0.8666666666666667,,,,
c1220,deepseek_reversed_history,ES,60,60,1.0,-1.6233333333333335,3.76,11.943129126545243,2.1633333333333353,1.4285714285714286,3.0,3.0,0.663528777597441,0.08333333333333333,0.05,0.6833333333333333,0.8333333333333334,,,,
c1220,deepseek_reversed_history,FI,60,60,1.0,-0.19666666666666668,1.2433333333333334,2.0490648273460423,0.7366666666666672,0.5689655172413793,2.0,2.0,0.7027514050138667,0.18333333333333332,0.08333333333333333,0.6,0.6666666666666666,,,,
c1220,deepseek_reversed_history,FR,60,60,1.0,0.4166666666666667,2.3466666666666667,3.921139290223357,1.1700000000000002,0.6493506493506493,2.0,2.0,0.6548103372141443,0.15,0.03333333333333333,0.6333333333333333,0.7333333333333333,,,,
c1220,deepseek_reversed_history,IE,60,60,1.0,0.6649999999999999,2.165,3.0709119166788224,1.6216666666666666,0.55,1.3500000000000005,2.5,0.654929540305115,0.36666666666666664,0.03333333333333333,0.6833333333333333,0.7666666666666667,,,,
c1220,deepseek_reversed_history,IT,60,60,1.0,-0.8433333333333334,2.926666666666667,7.647221717722065,1.903333333333335,0.875,2.0,2.0,0.655992518798166,0.2833333333333333,0.13333333333333333,0.8,0.8166666666666667,,,,
c1220,deepseek_reversed_history,NL,60,60,1.0,-1.1116666666666668,3.0383333333333336,11.338628664878307,1.7350000000000037,1.0,2.6500000000000004,3.0,0.5998995800386571,0.08333333333333333,0.0,0.6,0.6666666666666666,,,,
c1220,deepseek_reversed_history,PT,60,60,1.0,0.3683333333333333,2.085,4.171949983720642,0.8683333333333338,1.3432835820895521,2.5,3.0,0.7179936305787286,0.15,0.03333333333333333,0.75,0.7833333333333333,,,,
c1220,deepseek_shuffled_history,AT,60,60,1.0,-0.9800000000000002,4.486666666666666,7.504709632401954,1.4333333333333342,0.6716417910447761,3.0,2.95,-0.27108385550569586,0.1,0.05,0.55,0.7,,,,
c1220,deepseek_shuffled_history,BE,60,60,1.0,0.9749999999999999,6.078333333333334,10.433943006680968,1.2350000000000017,1.0526315789473684,2.6000000000000005,2.6500000000000004,-0.0010466678549417795,0.06666666666666667,0.016666666666666666,0.5666666666666667,0.6,,,,
c1220,deepseek_shuffled_history,DE,60,60,1.0,-0.22499999999999998,2.545000000000001,3.9302459634650515,0.4883333333333336,0.7142857142857143,2.5500000000000003,2.6000000000000005,0.04618841511142756,0.08333333333333333,0.03333333333333333,0.5833333333333334,0.6,,,,
c1220,deepseek_shuffled_history,EL,60,60,1.0,-0.3533333333333335,6.776666666666667,10.406984833914832,1.0366666666666655,0.9130434782608695,5.0,4.500000000000002,0.09091812586008625,0.13333333333333333,0.0,0.8,0.85,,,,
c1220,deepseek_shuffled_history,ES,60,60,1.0,-2.1316666666666664,7.671666666666666,16.01239623958055,3.155000000000002,1.1428571428571428,3.0,3.0,-0.1073941302604714,0.08333333333333333,0.05,0.6833333333333333,0.7,,,,
c1220,deepseek_shuffled_history,FI,60,60,1.0,-0.6983333333333335,3.735,7.876981232257275,0.9850000000000014,0.6034482758620688,2.0,2.0,0.07067805475280127,0.18333333333333332,0.13333333333333333,0.6,0.7333333333333333,,,,
c1220,deepseek_shuffled_history,FR,60,60,1.0,-0.011666666666666698,4.168333333333333,6.543788403262033,1.3016666666666672,0.45454545454545453,2.0,2.0,0.03606871336242921,0.15,0.06666666666666667,0.6333333333333333,0.7166666666666667,,,,
c1220,deepseek_shuffled_history,IE,60,60,1.0,0.17166666666666658,5.665000000000001,9.877929945084649,1.861666666666667,0.4800000000000001,1.3500000000000005,2.5,-0.14309724640454288,0.36666666666666664,0.08333333333333333,0.6833333333333333,0.7333333333333333,,,,
c1220,deepseek_shuffled_history,IT,60,60,1.0,-0.6033333333333332,6.02,11.495216396397243,1.5166666666666675,0.5250000000000001,2.0,2.0,0.2949231168058214,0.2833333333333333,0.11666666666666667,0.8,0.85,,,,
c1220,deepseek_shuffled_history,NL,60,60,1.0,-1.3316666666666668,4.368333333333334,13.389118716330811,1.795000000000004,1.0,2.6500000000000004,2.8,-0.014648412405018478,0.08333333333333333,0.016666666666666666,0.6,0.5833333333333334,,,,
c1220,deepseek_shuffled_history,PT,60,60,1.0,-0.19666666666666674,4.943333333333333,8.381885229469562,1.0333333333333334,1.044776119402985,2.5,3.0,0.28730440415933817,0.15,0.05,0.75,0.6833333333333333,,,,
c1220,hist_gradient_boosting,AT,60,60,1.0,-1.14811513874621,2.6446036457887163,5.642294498729691,1.5458231923229102,0.5967819012265742,3.0,2.715848006276832,0.7482892513641889,0.1,0.0,0.55,0.0,,,,
c1220,hist_gradient_boosting,BE,60,60,1.0,0.4879435085854972,2.0594888825919746,4.963035301911992,1.2176937280457547,0.6295270686560396,2.6000000000000005,2.551779497409116,0.8208224577091294,0.06666666666666667,0.0,0.5666666666666667,0.0,,,,
c1220,hist_gradient_boosting,DE,60,60,1.0,-0.22784992167911172,1.2134344948951103,2.002709841779218,0.4540237396157698,0.6662588507120369,2.5500000000000003,2.4862423559067923,0.7187986616690426,0.08333333333333333,0.0,0.5833333333333334,0.0,,,,
c1220,hist_gradient_boosting,EL,60,60,1.0,-1.0837923033288817,3.029139208690929,5.127889807860029,1.4477461960454505,1.0562719333129735,5.0,4.076069705509628,0.7763406136008875,0.13333333333333333,0.0,0.8,0.0,,,,
c1220,hist_gradient_boosting,ES,60,60,1.0,-2.5183858462288056,4.159664084477321,12.639733049579558,2.9638234601465205,0.8089906175617714,3.0,2.7526546651485932,0.6650401277418576,0.08333333333333333,0.0,0.6833333333333333,0.0,,,,
c1220,hist_gradient_boosting,FI,60,60,1.0,-0.4982576244753119,1.1595448996968292,2.5555727680684717,0.8045006301508522,0.7295664469672852,2.0,1.9604800719972568,0.7956836836253429,0.18333333333333332,0.0,0.6,0.0,,,,
c1220,hist_gradient_boosting,FR,60,60,1.0,0.08670133620994432,2.2359978829611165,4.057096296563988,1.3243122936712508,0.7159968874409073,2.0,2.048589690398187,0.7168009801731543,0.15,0.0,0.6333333333333333,0.0,,,,
c1220,hist_gradient_boosting,IE,60,60,1.0,-0.1786474085607999,1.5308529923327852,2.67427089540903,1.069226720169726,0.6804716363915707,1.3500000000000005,2.2424654706230154,0.7823174165610715,0.36666666666666664,0.0,0.6833333333333333,0.0,,,,
c1220,hist_gradient_boosting,IT,60,60,1.0,-1.094861208427251,2.878744085133678,7.255956848044257,1.5972139298306987,0.7239417536495947,2.0,1.9491855716374435,0.7179250614935415,0.2833333333333333,0.0,0.8,0.0,,,,
c1220,hist_gradient_boosting,NL,60,60,1.0,-1.5193740353471206,2.476197108706936,10.646455388571496,1.8151607459983143,0.8220144435891166,2.6500000000000004,2.714264907622366,0.7876731617465653,0.08333333333333333,0.0,0.6,0.0,,,,
c1220,hist_gradient_boosting,PT,60,60,1.0,-0.04824125773782857,1.6266862559454973,2.948339832413181,0.7119442203736097,1.1584410841854984,2.5,2.6718850760156325,0.7975100885945398,0.15,0.0,0.75,0.0,,,,
c1220,history3,AT,60,60,1.0,-1.0983333333333332,2.5883333333333334,5.534543040456607,1.2616666666666676,1.2089552238805967,3.0,3.0,0.7238761078684294,0.1,0.13333333333333333,0.55,0.5333333333333333,,,,
c1220,history3,BE,60,60,1.0,1.1333333333333333,2.48,7.64421349780342,1.4333333333333356,0.8157894736842106,2.6000000000000005,2.5,0.8196873594299136,0.06666666666666667,0.08333333333333333,0.5666666666666667,0.6,,,,
c1220,history3,DE,60,60,1.0,-0.10666666666666667,1.2166666666666666,2.135025370653317,0.32000000000000006,0.8809523809523809,2.5500000000000003,2.5,0.6680366577362598,0.08333333333333333,0.06666666666666667,0.5833333333333334,0.5333333333333333,,,,
c1220,history3,EL,60,60,1.0,-0.46666666666666673,3.276666666666667,6.4851368528351045,1.5500000000000007,1.443478260869565,5.0,4.0,0.7892585724152456,0.13333333333333333,0.15,0.8,0.7833333333333333,,,,
c1220,history3,ES,60,60,1.0,-1.8533333333333333,3.993333333333333,12.330923187931496,2.0966666666666685,1.2142857142857142,3.0,2.7,0.6624107285762402,0.08333333333333333,0.06666666666666667,0.6833333333333333,0.6166666666666667,,,,
c1220,history3,FI,60,60,1.0,-0.27666666666666667,0.8366666666666667,1.544776143437402,0.3866666666666668,0.8103448275862069,2.0,2.0,0.7988493783373034,0.18333333333333332,0.18333333333333332,0.6,0.5833333333333334,,,,
c1220,history3,FR,60,60,1.0,0.075,2.091666666666667,3.456081596258977,0.7683333333333335,0.7532467532467533,2.0,2.0,0.6677019093126692,0.15,0.15,0.6333333333333333,0.6666666666666666,,,,
c1220,history3,IE,60,60,1.0,-0.034999999999999996,1.3816666666666666,2.7616721987472252,0.771666666666667,0.75,1.3500000000000005,2.1000000000000005,0.7792310611796057,0.36666666666666664,0.3333333333333333,0.6833333333333333,0.6833333333333333,,,,
c1220,history3,IT,60,60,1.0,-0.6983333333333334,2.545,6.412500812215673,1.0416666666666665,1.125,2.0,2.0,0.7349342801278144,0.2833333333333333,0.25,0.8,0.7833333333333333,,,,
c1220,history3,NL,60,60,1.0,-1.526666666666667,2.2933333333333334,10.44027458131889,1.6566666666666703,1.0,2.6500000000000004,2.85,0.8257694814525436,0.08333333333333333,0.06666666666666667,0.6,0.55,,,,
c1220,history3,PT,60,60,1.0,0.2633333333333334,1.3766666666666665,2.8753550505401355,0.5566666666666666,1.2985074626865671,2.5,2.8000000000000007,0.7734737163400048,0.15,0.15,0.75,0.6833333333333333,,,,
c1220,last_observation,AT,60,60,1.0,-1.1933333333333331,2.5,5.456128053238242,1.3500000000000008,1.1940298507462683,3.0,2.5,0.6371745685477921,0.1,0.13333333333333333,0.55,0.5333333333333333,,,,
c1220,last_observation,BE,60,60,1.0,1.6083333333333334,2.7416666666666667,7.814740345441214,1.678333333333336,1.3289473684210527,2.6000000000000005,3.0,0.7323039441408051,0.06666666666666667,0.06666666666666667,0.5666666666666667,0.5666666666666667,,,,
c1220,last_observation,DE,60,60,1.0,-0.2,1.28,2.2888133752376287,0.32333333333333353,1.0714285714285714,2.5500000000000003,2.5500000000000003,0.647911686896505,0.08333333333333333,0.11666666666666667,0.5833333333333334,0.5333333333333333,,,,
c1220,last_observation,EL,60,60,1.0,0.49666666666666665,4.446666666666667,8.29493821556255,1.0466666666666669,1.391304347826087,5.0,5.0,0.5681368682351892,0.13333333333333333,0.11666666666666667,0.8,0.8166666666666667,,,,
c1220,last_observation,ES,60,60,1.0,-2.325,4.7316666666666665,13.292874030848258,2.6750000000000025,1.0,3.0,3.0,0.5885772624062912,0.08333333333333333,0.1,0.6833333333333333,0.65,,,,
c1220,last_observation,FI,60,60,1.0,0.9,2.8266666666666667,12.777767149754034,1.4066666666666685,0.9310344827586207,2.0,2.0,0.7929333467135842,0.18333333333333332,0.21666666666666667,0.6,0.6833333333333333,,,,
c1220,last_observation,FR,60,60,1.0,-0.4883333333333333,2.225,3.676524627053834,0.9116666666666675,0.5974025974025974,2.0,2.0,0.648460980654229,0.15,0.15,0.6333333333333333,0.6666666666666666,,,,
c1220,last_observation,IE,60,60,1.0,-0.36000000000000004,2.0266666666666664,3.9553760883132214,0.9866666666666675,1.0,1.3500000000000005,2.1000000000000005,0.7065994771960468,0.36666666666666664,0.36666666666666664,0.6833333333333333,0.7333333333333333,,,,
c1220,last_observation,IT,60,60,1.0,-0.49499999999999994,2.795,6.4639899958668465,0.8549999999999993,0.9375,2.0,2.0,0.7383477012546658,0.2833333333333333,0.23333333333333334,0.8,0.7,,,,
c1220,last_observation,NL,60,60,1.0,-1.2883333333333338,2.7816666666666667,10.70393229923782,1.4983333333333366,1.2999999999999998,2.6500000000000004,2.8,0.7191841653623345,0.08333333333333333,0.1,0.6,0.5333333333333333,,,,
c1220,last_observation,PT,60,60,1.0,1.2533333333333334,3.1666666666666665,10.907245298424346,1.5266666666666677,1.044776119402985,2.5,3.0,0.6949610413959953,0.15,0.11666666666666667,0.75,0.7,,,,
c3010,conditional_donor,AT,60,60,1.0,-0.05,,,,,,,,,,,,0.48333333333333334,0.01743785230052091,0.3765188834154351,0.55
c3010,conditional_donor,BE,60,60,1.0,0.11666666666666667,,,,,,,,,,,,0.6666666666666666,0.009967795638172797,0.6426470588235295,0.38333333333333336
c3010,conditional_donor,DE,60,60,1.0,-0.1,,,,,,,,,,,,0.6666666666666666,0.07116863436169168,0.37035714285714283,0.4
c3010,conditional_donor,EL,60,60,1.0,0.2,,,,,,,,,,,,0.6666666666666666,0.02432234924608665,0.5931712962962963,0.4666666666666667
c3010,conditional_donor,ES,60,60,1.0,0.13333333333333333,,,,,,,,,,,,0.5166666666666667,0.007883547208090239,0.37703703703703706,0.6
c3010,conditional_donor,FI,60,60,1.0,-0.11666666666666667,,,,,,,,,,,,0.6833333333333333,0.008324884788212483,0.5595208845208846,0.38333333333333336
c3010,conditional_donor,FR,60,60,1.0,0.016666666666666666,,,,,,,,,,,,0.7333333333333333,0.03367687890239285,0.47867063492063494,0.31666666666666665
c3010,conditional_donor,IE,60,60,1.0,-0.11666666666666667,,,,,,,,,,,,0.6166666666666667,0.015785753999608295,0.4322222222222222,0.45
c3010,conditional_donor,IT,60,60,1.0,0.06666666666666667,,,,,,,,,,,,0.8,0.009662016461941909,0.6154532967032967,0.2
c3010,conditional_donor,NL,60,60,1.0,0.03333333333333333,,,,,,,,,,,,0.6166666666666667,0.005632250808977035,0.39233870967741935,0.43333333333333335
c3010,conditional_donor,PT,60,60,1.0,0.0,,,,,,,,,,,,0.7333333333333333,0.003553588829527554,0.7609756097560976,0.3
c3010,country_previous,AT,60,60,1.0,0.4,,,,,,,,,,,,0.48333333333333334,0.32462174366001084,0.2,0.6666666666666666
c3010,country_previous,BE,60,60,1.0,0.65,,,,,,,,,,,,0.4,0.39581560200335836,0.2,0.85
c3010,country_previous,DE,60,60,1.0,0.18333333333333332,,,,,,,,,,,,0.5833333333333334,0.248350487817874,0.2,0.48333333333333334
c3010,country_previous,EL,60,60,1.0,0.4,,,,,,,,,,,,0.43333333333333335,0.1596031036588449,0.28530092592592593,0.7666666666666667
c3010,country_previous,ES,60,60,1.0,0.2833333333333333,,,,,,,,,,,,0.45,0.3521609513007116,0.2,0.65
c3010,country_previous,FI,60,60,1.0,0.08333333333333333,,,,,,,,,,,,0.6166666666666667,0.22476387143859056,0.25,0.4166666666666667
c3010,country_previous,FR,60,60,1.0,0.4666666666666667,,,,,,,,,,,,0.6,0.23645279766002797,0.25,0.5333333333333333
c3010,country_previous,IE,60,60,1.0,0.38333333333333336,,,,,,,,,,,,0.35,0.2534938766294319,0.2333333333333333,0.8833333333333333
c3010,country_previous,IT,60,60,1.0,0.21666666666666667,,,,,,,,,,,,0.5833333333333334,0.248350487817874,0.25,0.48333333333333334
c3010,country_previous,NL,60,60,1.0,0.23333333333333334,,,,,,,,,,,,0.5166666666666667,0.298201742503524,0.2,0.5666666666666667
c3010,country_previous,PT,60,60,1.0,-0.03333333333333333,,,,,,,,,,,,0.6833333333333333,0.17994756806601062,0.2,0.36666666666666664
c3010,deepseek_demo,AT,60,60,1.0,0.13333333333333333,,,,,,,,,,,,0.4666666666666667,0.08967175110144573,0.21417624521072795,0.6666666666666666
c3010,deepseek_demo,BE,60,60,1.0,0.55,,,,,,,,,,,,0.36666666666666664,0.1574985602585801,0.20049019607843138,0.85
c3010,deepseek_demo,DE,60,60,1.0,0.08333333333333333,,,,,,,,,,,,0.5333333333333333,0.051408908972525334,0.21000000000000002,0.55
c3010,deepseek_demo,EL,60,60,1.0,0.5833333333333334,,,,,,,,,,,,0.25,0.15211580440089348,0.15162037037037035,0.95
c3010,deepseek_demo,ES,60,60,1.0,0.25,,,,,,,,,,,,0.35,0.06043791373031611,0.2,0.75
c3010,deepseek_demo,FI,60,60,1.0,0.05,,,,,,,,,,,,0.43333333333333335,0.020692608024215197,0.2441031941031941,0.6833333333333333
c3010,deepseek_demo,FR,60,60,1.0,0.43333333333333335,,,,,,,,,,,,0.48333333333333334,0.14175803291323363,0.21006944444444445,0.6666666666666666
c3010,deepseek_demo,IE,60,60,1.0,0.48333333333333334,,,,,,,,,,,,0.35,0.18016963657220186,0.2733333333333333,0.75
c3010,deepseek_demo,IT,60,60,1.0,0.13333333333333333,,,,,,,,,,,,0.43333333333333335,0.047425364757661105,0.2098901098901099,0.6333333333333333
c3010,deepseek_demo,NL,60,60,1.0,0.23333333333333334,,,,,,,,,,,,0.4166666666666667,0.058280359439770196,0.1975806451612903,0.6666666666666666
c3010,deepseek_demo,PT,60,60,1.0,0.016666666666666666,,,,,,,,,,,,0.5,0.030495966305098206,0.20670731707317075,0.5833333333333334
c3010,deepseek_history,AT,60,60,1.0,0.0,,,,,,,,,,,,0.75,0.0042633944719526065,0.7673508483853311,0.26666666666666666
c3010,deepseek_history,BE,60,60,1.0,0.16666666666666666,,,,,,,,,,,,0.7,0.012481973292753634,0.7366946778711484,0.3333333333333333
c3010,deepseek_history,DE,60,60,1.0,-0.06666666666666667,,,,,,,,,,,,0.75,0.00839318012394664,0.5821428571428571,0.26666666666666666
c3010,deepseek_history,EL,60,60,1.0,0.23333333333333334,,,,,,,,,,,,0.65,0.03614528342983593,0.5913194444444444,0.36666666666666664
c3010,deepseek_history,ES,60,60,1.0,0.03333333333333333,,,,,,,,,,,,0.6,0.0011370767111457901,0.4607407407407408,0.4666666666666667
c3010,deepseek_history,FI,60,60,1.0,0.016666666666666666,,,,,,,,,,,,0.8,0.0003665093955521006,0.682063882063882,0.25
c3010,deepseek_history,FR,60,60,1.0,-0.03333333333333333,,,,,,,,,,,,0.7333333333333333,0.029827918901607846,0.7477678571428572,0.26666666666666666
c3010,deepseek_history,IE,60,60,1.0,0.016666666666666666,,,,,,,,,,,,0.7166666666666667,0.026343235439135405,0.5555555555555556,0.38333333333333336
c3010,deepseek_history,IT,60,60,1.0,0.03333333333333333,,,,,,,,,,,,0.8333333333333334,0.038606274015444655,0.6347527472527472,0.16666666666666666
c3010,deepseek_history,NL,60,60,1.0,0.03333333333333333,,,,,,,,,,,,0.7333333333333333,0.021003037581961304,0.505241935483871,0.3
c3010,deepseek_history,PT,60,60,1.0,-0.016666666666666666,,,,,,,,,,,,0.8166666666666667,0.011493301529685538,0.6707317073170731,0.18333333333333332
c3010,deepseek_history1,AT,60,60,1.0,0.11666666666666667,,,,,,,,,,,,0.6833333333333333,0.025129300423270738,0.5906677613574165,0.35
c3010,deepseek_history1,BE,60,60,1.0,0.21666666666666667,,,,,,,,,,,,0.6833333333333333,0.04450130174862861,0.726750700280112,0.38333333333333336
c3010,deepseek_history1,DE,60,60,1.0,0.0,,,,,,,,,,,,0.7333333333333333,0.010775423112725117,0.4821428571428571,0.3
c3010,deepseek_history1,EL,60,60,1.0,0.4,,,,,,,,,,,,0.5333333333333333,0.0701425491490975,0.4841435185185185,0.5666666666666667
c3010,deepseek_history1,ES,60,60,1.0,0.08333333333333333,,,,,,,,,,,,0.5166666666666667,0.013267521467866191,0.3503703703703704,0.55
c3010,deepseek_history1,FI,60,60,1.0,0.05,,,,,,,,,,,,0.75,0.0026453784629399822,0.6275798525798526,0.2833333333333333
c3010,deepseek_history1,FR,60,60,1.0,0.06666666666666667,,,,,,,,,,,,0.6333333333333333,0.02709547251782738,0.4109623015873016,0.4
c3010,deepseek_history1,IE,60,60,1.0,0.23333333333333334,,,,,,,,,,,,0.55,0.1065260193174083,0.44000000000000006,0.5333333333333333
c3010,deepseek_history1,IT,60,60,1.0,0.08333333333333333,,,,,,,,,,,,0.85,0.03533517731927766,0.6539148351648352,0.15
c3010,deepseek_history1,NL,60,60,1.0,0.1,,,,,,,,,,,,0.7,0.029913054534470428,0.4931451612903226,0.3333333333333333
c3010,deepseek_history1,PT,60,60,1.0,-0.1,,,,,,,,,,,,0.7666666666666667,0.018005257690933342,0.6408536585365854,0.26666666666666666
c3010,deepseek_history_repeat,AT,12,12,1.0,-0.16666666666666666,,,,,,,,,,,,0.6666666666666666,0.01355949830385549,0.8,0.3333333333333333
c3010,deepseek_history_repeat,BE,12,12,1.0,0.16666666666666666,,,,,,,,,,,,0.8333333333333334,0.02525428736610194,0.9,0.16666666666666666
c3010,deepseek_history_repeat,DE,12,12,1.0,0.16666666666666666,,,,,,,,,,,,0.6666666666666666,0.02216954065164508,0.48888888888888893,0.3333333333333333
c3010,deepseek_history_repeat,EL,12,12,1.0,0.16666666666666666,,,,,,,,,,,,0.6666666666666666,0.19022158863428765,0.6190476190476191,0.3333333333333333
c3010,deepseek_history_repeat,ES,12,12,1.0,0.0,,,,,,,,,,,,0.5833333333333334,0.09339895500775697,0.5158730158730159,0.6666666666666666
c3010,deepseek_history_repeat,FI,12,12,1.0,0.25,,,,,,,,,,,,0.75,0.03264429224104352,0.7857142857142857,0.25
c3010,deepseek_history_repeat,FR,12,12,1.0,0.0,,,,,,,,,,,,0.6666666666666666,0.13628933528330994,0.5555555555555555,0.3333333333333333
c3010,deepseek_history_repeat,IE,12,12,1.0,0.08333333333333333,,,,,,,,,,,,0.75,0.00608263063372828,0.8000000000000002,0.25
c3010,deepseek_history_repeat,IT,12,12,1.0,-0.08333333333333333,,,,,,,,,,,,0.9166666666666666,0.00805718950008783,0.8888888888888888,0.08333333333333333
c3010,deepseek_history_repeat,NL,12,12,1.0,0.25,,,,,,,,,,,,0.75,0.04590253283314885,0.7857142857142857,0.25
c3010,deepseek_history_repeat,PT,12,12,1.0,-0.08333333333333333,,,,,,,,,,,,0.9166666666666666,0.0430984531470803,0.6666666666666666,0.08333333333333333
c3010,deepseek_matched_history,AT,60,60,1.0,-0.016666666666666666,,,,,,,,,,,,0.38333333333333336,0.010803732017360096,0.2140120415982485,0.85
c3010,deepseek_matched_history,BE,60,60,1.0,0.2,,,,,,,,,,,,0.31666666666666665,0.017806193948118002,0.18739495798319328,1.0
c3010,deepseek_matched_history,DE,60,60,1.0,-0.06666666666666667,,,,,,,,,,,,0.38333333333333336,0.014617543854400715,0.145,0.7333333333333333
c3010,deepseek_matched_history,EL,60,60,1.0,0.25,,,,,,,,,,,,0.3333333333333333,0.04039379880961094,0.230787037037037,0.85
c3010,deepseek_matched_history,ES,60,60,1.0,0.06666666666666667,,,,,,,,,,,,0.36666666666666664,0.00521498200422071,0.2503703703703704,0.8666666666666667
c3010,deepseek_matched_history,FI,60,60,1.0,-0.03333333333333333,,,,,,,,,,,,0.5333333333333333,0.004456029676172763,0.28464373464373466,0.6333333333333333
c3010,deepseek_matched_history,FR,60,60,1.0,0.06666666666666667,,,,,,,,,,,,0.3333333333333333,0.03630031593934499,0.1736111111111111,0.8666666666666667
c3010,deepseek_matched_history,IE,60,60,1.0,0.0,,,,,,,,,,,,0.3333333333333333,0.02175857024527786,0.24666666666666667,0.8333333333333334
c3010,deepseek_matched_history,IT,60,60,1.0,0.03333333333333333,,,,,,,,,,,,0.38333333333333336,0.014910511492679475,0.18839285714285714,0.8333333333333334
c3010,deepseek_matched_history,NL,60,60,1.0,0.03333333333333333,,,,,,,,,,,,0.45,0.01325116144440151,0.2290322580645161,0.7333333333333333
c3010,deepseek_matched_history,PT,60,60,1.0,0.0,,,,,,,,,,,,0.4,0.012231502962614464,0.1573170731707317,0.7
c3010,deepseek_reversed_history,AT,60,60,1.0,-0.11666666666666667,,,,,,,,,,,,0.6666666666666666,0.032206310743918845,0.48694581280788174,0.4166666666666667
c3010,deepseek_reversed_history,BE,60,60,1.0,0.13333333333333333,,,,,,,,,,,,0.7,0.020085317028664257,0.7435574229691877,0.3333333333333333
c3010,deepseek_reversed_history,DE,60,60,1.0,-0.03333333333333333,,,,,,,,,,,,0.75,0.0028591434325710113,0.6575,0.26666666666666666
c3010,deepseek_reversed_history,EL,60,60,1.0,0.25,,,,,,,,,,,,0.6333333333333333,0.02714105092914771,0.5767361111111111,0.45
c3010,deepseek_reversed_history,ES,60,60,1.0,0.016666666666666666,,,,,,,,,,,,0.65,0.011380925856047483,0.5274074074074073,0.4166666666666667
c3010,deepseek_reversed_history,FI,60,60,1.0,-0.016666666666666666,,,,,,,,,,,,0.7666666666666667,0.003959052394064348,0.6503071253071253,0.2833333333333333
c3010,deepseek_reversed_history,FR,60,60,1.0,-0.03333333333333333,,,,,,,,,,,,0.7,0.05388360822022367,0.4620535714285714,0.3
c3010,deepseek_reversed_history,IE,60,60,1.0,-0.06666666666666667,,,,,,,,,,,,0.7333333333333333,0.019164309364530847,0.5888888888888888,0.3
c3010,deepseek_reversed_history,IT,60,60,1.0,0.1,,,,,,,,,,,,0.6666666666666666,0.04271418927276028,0.43056318681318684,0.3333333333333333
c3010,deepseek_reversed_history,NL,60,60,1.0,0.016666666666666666,,,,,,,,,,,,0.7833333333333333,0.005289286507474913,0.755241935483871,0.25
c3010,deepseek_reversed_history,PT,60,60,1.0,0.0,,,,,,,,,,,,0.7666666666666667,0.0010082046452516804,0.6158536585365854,0.23333333333333334
c3010,deepseek_shuffled_history,AT,60,60,1.0,0.0,,,,,,,,,,,,0.4,0.005967166552208917,0.19501915708812262,0.8666666666666667
c3010,deepseek_shuffled_history,BE,60,60,1.0,0.16666666666666666,,,,,,,,,,,,0.21666666666666667,0.019463424895880172,0.12205882352941178,1.0666666666666667
c3010,deepseek_shuffled_history,DE,60,60,1.0,-0.06666666666666667,,,,,,,,,,,,0.4,0.00445023597210256,0.1575,0.8
c3010,deepseek_shuffled_history,EL,60,60,1.0,0.21666666666666667,,,,,,,,,,,,0.3,0.03913109476413445,0.32696759259259256,0.95
c3010,deepseek_shuffled_history,ES,60,60,1.0,0.016666666666666666,,,,,,,,,,,,0.48333333333333334,0.005698626122579028,0.30666666666666664,0.7833333333333333
c3010,deepseek_shuffled_history,FI,60,60,1.0,-0.05,,,,,,,,,,,,0.4666666666666667,0.0031517572362910304,0.25534398034398037,0.65
c3010,deepseek_shuffled_history,FR,60,60,1.0,-0.016666666666666666,,,,,,,,,,,,0.3333333333333333,0.037216941553557,0.18229166666666669,0.85
c3010,deepseek_shuffled_history,IE,60,60,1.0,0.31666666666666665,,,,,,,,,,,,0.35,0.06801234851544624,0.2555555555555556,0.95
c3010,deepseek_shuffled_history,IT,60,60,1.0,0.05,,,,,,,,,,,,0.45,0.03766693231953245,0.26531593406593407,0.6833333333333333
c3010,deepseek_shuffled_history,NL,60,60,1.0,0.1,,,,,,,,,,,,0.4166666666666667,0.023908312594627452,0.19798387096774192,0.8
c3010,deepseek_shuffled_history,PT,60,60,1.0,0.03333333333333333,,,,,,,,,,,,0.5,0.011695503666921257,0.20670731707317075,0.6666666666666666
c3010,hist_gradient_boosting,AT,60,60,1.0,-0.13333333333333333,,,,,,,,,,,,0.75,0.00773644812916785,0.6919540229885057,0.3
c3010,hist_gradient_boosting,BE,60,60,1.0,0.016666666666666666,,,,,,,,,,,,0.7833333333333333,0.005566697383019491,0.8124649859943979,0.21666666666666667
c3010,hist_gradient_boosting,DE,60,60,1.0,-0.11666666666666667,,,,,,,,,,,,0.7,0.016214896885444204,0.5239285714285715,0.31666666666666665
c3010,hist_gradient_boosting,EL,60,60,1.0,0.05,,,,,,,,,,,,0.7666666666666667,0.014526378475738132,0.8163194444444445,0.25
c3010,hist_gradient_boosting,ES,60,60,1.0,0.0,,,,,,,,,,,,0.6,0.008930933939501368,0.48666666666666664,0.4666666666666667
c3010,hist_gradient_boosting,FI,60,60,1.0,-0.08333333333333333,,,,,,,,,,,,0.7666666666666667,0.009191397568301824,0.7343366093366093,0.2833333333333333
c3010,hist_gradient_boosting,FR,60,60,1.0,-0.05,,,,,,,,,,,,0.75,0.01779832720484269,0.746031746031746,0.25
c3010,hist_gradient_boosting,IE,60,60,1.0,-0.13333333333333333,,,,,,,,,,,,0.7833333333333333,0.013743643833711376,0.5977777777777777,0.26666666666666666
c3010,hist_gradient_boosting,IT,60,60,1.0,0.06666666666666667,,,,,,,,,,,,0.8,0.037216555166906404,0.5962912087912088,0.2
c3010,hist_gradient_boosting,NL,60,60,1.0,-0.05,,,,,,,,,,,,0.7333333333333333,0.008515519686890013,0.5487903225806452,0.31666666666666665
c3010,hist_gradient_boosting,PT,60,60,1.0,-0.03333333333333333,,,,,,,,,,,,0.8,0.0029171223553503475,0.8006097560975609,0.2
c3010,history3,AT,60,60,1.0,-0.18333333333333332,,,,,,,,,,,,0.7333333333333333,0.009594905979762602,0.6850574712643678,0.31666666666666665
c3010,history3,BE,60,60,1.0,-0.05,,,,,,,,,,,,0.8333333333333334,0.0010690169332906968,0.8553221288515406,0.18333333333333332
c3010,history3,DE,60,60,1.0,-0.15,,,,,,,,,,,,0.7,0.019555282367861703,0.5239285714285715,0.35
c3010,history3,EL,60,60,1.0,0.03333333333333333,,,,,,,,,,,,0.7666666666666667,0.01619845188260111,0.7069444444444445,0.3
c3010,history3,ES,60,60,1.0,-0.03333333333333333,,,,,,,,,,,,0.6166666666666667,0.00936886345269466,0.4977777777777777,0.4666666666666667
c3010,history3,FI,60,60,1.0,-0.13333333333333333,,,,,,,,,,,,0.7833333333333333,0.011550285412674307,0.7593366093366093,0.3
c3010,history3,FR,60,60,1.0,-0.11666666666666667,,,,,,,,,,,,0.7,0.02048011240813251,0.7165178571428572,0.31666666666666665
c3010,history3,IE,60,60,1.0,-0.16666666666666666,,,,,,,,,,,,0.8,0.012293215176976431,0.6088888888888888,0.26666666666666666
c3010,history3,IT,60,60,1.0,0.0,,,,,,,,,,,,0.8166666666666667,0.00980762410551589,0.6467719780219781,0.2
c3010,history3,NL,60,60,1.0,-0.03333333333333333,,,,,,,,,,,,0.7666666666666667,0.00290893024418857,0.7612903225806452,0.26666666666666666
c3010,history3,PT,60,60,1.0,-0.016666666666666666,,,,,,,,,,,,0.8166666666666667,0.00269700286284743,0.8457317073170731,0.18333333333333332
c3010,last_observation,AT,60,60,1.0,-0.016666666666666666,,,,,,,,,,,,0.75,0.005388797311302576,0.7673508483853311,0.2833333333333333
c3010,last_observation,BE,60,60,1.0,0.1,,,,,,,,,,,,0.7666666666666667,0.009244833343834415,0.7922268907563025,0.26666666666666666
c3010,last_observation,DE,60,60,1.0,-0.11666666666666667,,,,,,,,,,,,0.7333333333333333,0.01567518564411506,0.5696428571428571,0.2833333333333333
c3010,last_observation,EL,60,60,1.0,0.11666666666666667,,,,,,,,,,,,0.7,0.01981070795684532,0.7655092592592593,0.31666666666666665
c3010,last_observation,ES,60,60,1.0,0.016666666666666666,,,,,,,,,,,,0.6,0.0020109979537838328,0.457037037037037,0.48333333333333334
c3010,last_observation,FI,60,60,1.0,-0.016666666666666666,,,,,,,,,,,,0.7833333333333333,0.013038899072512149,0.7935503685503684,0.2833333333333333
c3010,last_observation,FR,60,60,1.0,-0.05,,,,,,,,,,,,0.6833333333333333,0.02528110344880098,0.7296626984126984,0.31666666666666665
c3010,last_observation,IE,60,60,1.0,-0.03333333333333333,,,,,,,,,,,,0.7666666666666667,0.01483071611512595,0.5888888888888889,0.3333333333333333
c3010,last_observation,IT,60,60,1.0,0.016666666666666666,,,,,,,,,,,,0.85,0.005430401070518491,0.7092719780219781,0.15
c3010,last_observation,NL,60,60,1.0,0.06666666666666667,,,,,,,,,,,,0.7,0.01171147143371023,0.5423387096774194,0.3333333333333333
c3010,last_observation,PT,60,60,1.0,-0.016666666666666666,,,,,,,,,,,,0.8166666666666667,0.002377385240363261,0.8658536585365854,0.18333333333333332
c3110,conditional_donor,AT,60,60,1.0,0.016666666666666666,,,,,,,,,,,,0.7,0.008892994653440614,0.6249343487394958,0.31666666666666665
c3110,conditional_donor,BE,60,60,1.0,0.03333333333333333,,,,,,,,,,,,0.65,0.0003632000012551897,0.6926282051282051,0.43333333333333335
c3110,conditional_donor,DE,60,60,1.0,0.016666666666666666,,,,,,,,,,,,0.6833333333333333,0.026185854981628044,0.5577777777777777,0.4166666666666667
c3110,conditional_donor,EL,60,60,1.0,0.15,,,,,,,,,,,,0.5,0.03819061217176855,0.3756043956043956,0.5833333333333334
c3110,conditional_donor,ES,60,60,1.0,0.016666666666666666,,,,,,,,,,,,0.5166666666666667,0.044856980209581246,0.46128978779840846,0.55
c3110,conditional_donor,FI,60,60,1.0,-0.15,,,,,,,,,,,,0.7,0.028848177868564296,0.46223776223776214,0.35
c3110,conditional_donor,FR,60,60,1.0,0.03333333333333333,,,,,,,,,,,,0.6333333333333333,0.02569510107658359,0.5671296296296297,0.36666666666666664
c3110,conditional_donor,IE,60,60,1.0,-0.16666666666666666,,,,,,,,,,,,0.6333333333333333,0.03301787601829356,0.49333333333333335,0.43333333333333335
c3110,conditional_donor,IT,60,60,1.0,0.1,,,,,,,,,,,,0.7333333333333333,0.0123867224828588,0.5391899766899767,0.3
c3110,conditional_donor,NL,60,60,1.0,0.1,,,,,,,,,,,,0.5666666666666667,0.034994716218097195,0.3468888888888889,0.5333333333333333
c3110,conditional_donor,PT,60,60,1.0,0.06666666666666667,,,,,,,,,,,,0.75,0.03268551473120195,0.6815018315018315,0.26666666666666666
c3110,country_previous,AT,60,60,1.0,0.45,,,,,,,,,,,,0.5333333333333333,0.2853811314938828,0.25,0.5833333333333334
c3110,country_previous,BE,60,60,1.0,0.5666666666666667,,,,,,,,,,,,0.4,0.39581560200335836,0.2,0.8333333333333334
c3110,country_previous,DE,60,60,1.0,0.2833333333333333,,,,,,,,,,,,0.6,0.23645279766002797,0.2,0.48333333333333334
c3110,country_previous,EL,60,60,1.0,0.6166666666666667,,,,,,,,,,,,0.43333333333333335,0.36638416253165895,0.2,0.8166666666666667
c3110,country_previous,ES,60,60,1.0,0.11666666666666667,,,,,,,,,,,,0.48333333333333334,0.32462174366001084,0.25,0.55
c3110,country_previous,FI,60,60,1.0,-0.016666666666666666,,,,,,,,,,,,0.65,0.20198180736881208,0.2,0.4166666666666667
c3110,country_previous,FR,60,60,1.0,0.55,,,,,,,,,,,,0.45,0.3521609513007116,0.25,0.65
c3110,country_previous,IE,60,60,1.0,0.36666666666666664,,,,,,,,,,,,0.2833333333333333,0.2733243665742793,0.19047619047619047,1.0333333333333334
c3110,country_previous,IT,60,60,1.0,0.21666666666666667,,,,,,,,,,,,0.65,0.20198180736881208,0.25,0.4166666666666667
c3110,country_previous,NL,60,60,1.0,0.25,,,,,,,,,,,,0.4166666666666667,0.3809300909097882,0.2,0.6833333333333333
c3110,country_previous,PT,60,60,1.0,0.08333333333333333,,,,,,,,,,,,0.65,0.20198180736881208,0.25,0.38333333333333336
c3110,deepseek_demo,AT,60,60,1.0,0.5333333333333333,,,,,,,,,,,,0.45,0.23765846305394098,0.2109375,0.6666666666666666
c3110,deepseek_demo,BE,60,60,1.0,0.7166666666666667,,,,,,,,,,,,0.4,0.31339276461535764,0.25,0.9166666666666666
c3110,deepseek_demo,DE,60,60,1.0,0.36666666666666664,,,,,,,,,,,,0.5833333333333334,0.1520888481445373,0.24666666666666667,0.5333333333333333
c3110,deepseek_demo,EL,60,60,1.0,0.8333333333333334,,,,,,,,,,,,0.35,0.3169896994737875,0.20384615384615384,1.0
c3110,deepseek_demo,ES,60,60,1.0,0.36666666666666664,,,,,,,,,,,,0.45,0.17182022157784765,0.28580901856763924,0.6333333333333333
c3110,deepseek_demo,FI,60,60,1.0,0.18333333333333332,,,,,,,,,,,,0.5333333333333333,0.08920146046463882,0.1902097902097902,0.55
c3110,deepseek_demo,FR,60,60,1.0,0.65,,,,,,,,,,,,0.4166666666666667,0.2661327923032669,0.37962962962962965,0.7166666666666667
c3110,deepseek_demo,IE,60,60,1.0,0.9,,,,,,,,,,,,0.3,0.38206857003274747,0.29285714285714287,1.0666666666666667
c3110,deepseek_demo,IT,60,60,1.0,0.35,,,,,,,,,,,,0.6,0.08624908211483703,0.3175990675990676,0.5166666666666667
c3110,deepseek_demo,NL,60,60,1.0,0.45,,,,,,,,,,,,0.3333333333333333,0.26356350936685885,0.17422222222222222,0.8166666666666667
c3110,deepseek_demo,PT,60,60,1.0,0.35,,,,,,,,,,,,0.45,0.13973992665859772,0.2602564102564103,0.5833333333333334
c3110,deepseek_history,AT,60,60,1.0,0.1,,,,,,,,,,,,0.8,0.020312885017960976,0.7391675420168067,0.2
c3110,deepseek_history,BE,60,60,1.0,0.15,,,,,,,,,,,,0.6333333333333333,0.023858104760638595,0.6560897435897436,0.4166666666666667
c3110,deepseek_history,DE,60,60,1.0,0.016666666666666666,,,,,,,,,,,,0.8166666666666667,0.0020483550146473332,0.7666666666666666,0.21666666666666667
c3110,deepseek_history,EL,60,60,1.0,0.21666666666666667,,,,,,,,,,,,0.5833333333333334,0.027243479606044996,0.5819413919413919,0.48333333333333334
c3110,deepseek_history,ES,60,60,1.0,0.08333333333333333,,,,,,,,,,,,0.6333333333333333,0.02057089321473521,0.6944628647214854,0.38333333333333336
c3110,deepseek_history,FI,60,60,1.0,0.0,,,,,,,,,,,,0.7166666666666667,0.009844318014223126,0.5216783216783216,0.3
c3110,deepseek_history,FR,60,60,1.0,0.16666666666666666,,,,,,,,,,,,0.6833333333333333,0.03158329163177865,0.5636574074074074,0.3333333333333333
c3110,deepseek_history,IE,60,60,1.0,0.13333333333333333,,,,,,,,,,,,0.6166666666666667,0.05210951266768896,0.4885714285714286,0.4666666666666667
c3110,deepseek_history,IT,60,60,1.0,0.18333333333333332,,,,,,,,,,,,0.7333333333333333,0.03974830992108291,0.5751748251748252,0.2833333333333333
c3110,deepseek_history,NL,60,60,1.0,0.13333333333333333,,,,,,,,,,,,0.6833333333333333,0.022960390291846804,0.5591111111111111,0.3333333333333333
c3110,deepseek_history,PT,60,60,1.0,0.08333333333333333,,,,,,,,,,,,0.7833333333333333,0.008398115719583207,0.7172161172161172,0.21666666666666667
c3110,deepseek_history1,AT,60,60,1.0,0.21666666666666667,,,,,,,,,,,,0.6666666666666666,0.022201137191421458,0.5875131302521008,0.35
c3110,deepseek_history1,BE,60,60,1.0,0.21666666666666667,,,,,,,,,,,,0.5833333333333334,0.03739725269076593,0.6461538461538462,0.55
c3110,deepseek_history1,DE,60,60,1.0,0.13333333333333333,,,,,,,,,,,,0.75,0.0077088312184876604,0.64,0.3333333333333333
c3110,deepseek_history1,EL,60,60,1.0,0.4166666666666667,,,,,,,,,,,,0.45,0.07078279555475721,0.28575091575091577,0.7833333333333333
c3110,deepseek_history1,ES,60,60,1.0,0.11666666666666667,,,,,,,,,,,,0.6333333333333333,0.03958241021033659,0.676848474801061,0.38333333333333336
c3110,deepseek_history1,FI,60,60,1.0,0.03333333333333333,,,,,,,,,,,,0.7166666666666667,0.03525593839634107,0.38344988344988346,0.3
c3110,deepseek_history1,FR,60,60,1.0,0.21666666666666667,,,,,,,,,,,,0.65,0.03489729243062765,0.5763888888888888,0.38333333333333336
c3110,deepseek_history1,IE,60,60,1.0,0.45,,,,,,,,,,,,0.45,0.13803499977756392,0.41571428571428565,0.75
c3110,deepseek_history1,IT,60,60,1.0,0.2,,,,,,,,,,,,0.75,0.03755145910575014,0.5815850815850816,0.3
c3110,deepseek_history1,NL,60,60,1.0,0.13333333333333333,,,,,,,,,,,,0.5333333333333333,0.055599975567985835,0.3566666666666667,0.5333333333333333
c3110,deepseek_history1,PT,60,60,1.0,0.03333333333333333,,,,,,,,,,,,0.7166666666666667,0.043314684176290245,0.4315018315018315,0.3
c3110,deepseek_history_repeat,AT,12,12,1.0,0.0,,,,,,,,,,,,0.8333333333333334,0.0,0.8875,0.16666666666666666
c3110,deepseek_history_repeat,BE,12,12,1.0,0.16666666666666666,,,,,,,,,,,,0.6666666666666666,0.02525428736610194,0.8,0.3333333333333333
c3110,deepseek_history_repeat,DE,12,12,1.0,0.08333333333333333,,,,,,,,,,,,0.9166666666666666,0.005660774347998603,0.9333333333333332,0.08333333333333333
c3110,deepseek_history_repeat,EL,12,12,1.0,0.4166666666666667,,,,,,,,,,,,0.5833333333333334,0.18709270815304424,0.4523809523809524,0.4166666666666667
c3110,deepseek_history_repeat,ES,12,12,1.0,0.16666666666666666,,,,,,,,,,,,0.5833333333333334,0.11478697925681121,0.5166666666666667,0.5
c3110,deepseek_history_repeat,FI,12,12,1.0,0.0,,,,,,,,,,,,0.6666666666666666,0.0,0.47222222222222215,0.3333333333333333
c3110,deepseek_history_repeat,FR,12,12,1.0,0.16666666666666666,,,,,,,,,,,,0.6666666666666666,0.02216954065164508,0.5238095238095238,0.3333333333333333
c3110,deepseek_history_repeat,IE,12,12,1.0,0.16666666666666666,,,,,,,,,,,,0.6666666666666666,0.008366256275942632,0.6111111111111112,0.3333333333333333
c3110,deepseek_history_repeat,IT,12,12,1.0,0.25,,,,,,,,,,,,0.75,0.03264429224104352,0.7857142857142857,0.25
c3110,deepseek_history_repeat,NL,12,12,1.0,0.3333333333333333,,,,,,,,,,,,0.5,0.2099363117287327,0.42857142857142855,0.5
c3110,deepseek_history_repeat,PT,12,12,1.0,0.08333333333333333,,,,,,,,,,,,0.9166666666666666,0.0430984531470803,0.6666666666666666,0.08333333333333333
c3110,deepseek_matched_history,AT,60,60,1.0,0.13333333333333333,,,,,,,,,,,,0.38333333333333336,0.019160668988217843,0.2141544117647059,0.8
c3110,deepseek_matched_history,BE,60,60,1.0,0.15,,,,,,,,,,,,0.3333333333333333,0.03147380811669422,0.19166666666666668,0.95
c3110,deepseek_matched_history,DE,60,60,1.0,0.06666666666666667,,,,,,,,,,,,0.4166666666666667,0.0030021529338433513,0.1911111111111111,0.7
c3110,deepseek_matched_history,EL,60,60,1.0,0.2,,,,,,,,,,,,0.31666666666666665,0.04056936488817799,0.1753113553113553,0.9333333333333333
c3110,deepseek_matched_history,ES,60,60,1.0,0.13333333333333333,,,,,,,,,,,,0.31666666666666665,0.029270845518269403,0.3047911140583554,0.8333333333333334
c3110,deepseek_matched_history,FI,60,60,1.0,-0.05,,,,,,,,,,,,0.43333333333333335,0.00892028341258372,0.15944055944055946,0.7166666666666667
c3110,deepseek_matched_history,FR,60,60,1.0,0.13333333333333333,,,,,,,,,,,,0.25,0.013356469260223658,0.21643518518518517,0.8333333333333334
c3110,deepseek_matched_history,IE,60,60,1.0,0.06666666666666667,,,,,,,,,,,,0.4,0.04196481542931688,0.2542857142857143,0.8333333333333334
c3110,deepseek_matched_history,IT,60,60,1.0,0.13333333333333333,,,,,,,,,,,,0.43333333333333335,0.013003613188917405,0.20192307692307693,0.7
c3110,deepseek_matched_history,NL,60,60,1.0,0.11666666666666667,,,,,,,,,,,,0.31666666666666665,0.020273346925911984,0.164,0.9166666666666666
c3110,deepseek_matched_history,PT,60,60,1.0,0.1,,,,,,,,,,,,0.5166666666666667,0.008307026794704056,0.2652014652014652,0.6
c3110,deepseek_reversed_history,AT,60,60,1.0,0.1,,,,,,,,,,,,0.6166666666666667,0.004180241687248985,0.5582983193277311,0.4
c3110,deepseek_reversed_history,BE,60,60,1.0,0.23333333333333334,,,,,,,,,,,,0.5833333333333334,0.034976164518190044,0.6086538461538462,0.5333333333333333
c3110,deepseek_reversed_history,DE,60,60,1.0,0.08333333333333333,,,,,,,,,,,,0.6666666666666666,0.003489800728734968,0.6488888888888888,0.35
c3110,deepseek_reversed_history,EL,60,60,1.0,0.2,,,,,,,,,,,,0.6166666666666667,0.033874232907653484,0.4172527472527472,0.43333333333333335
c3110,deepseek_reversed_history,ES,60,60,1.0,-0.016666666666666666,,,,,,,,,,,,0.6166666666666667,0.0026538201048260735,0.6856349469496021,0.45
c3110,deepseek_reversed_history,FI,60,60,1.0,0.0,,,,,,,,,,,,0.7166666666666667,0.011550701551209125,0.49347319347319346,0.3
c3110,deepseek_reversed_history,FR,60,60,1.0,0.2,,,,,,,,,,,,0.6833333333333333,0.03736093175603081,0.5636574074074074,0.3333333333333333
c3110,deepseek_reversed_history,IE,60,60,1.0,0.08333333333333333,,,,,,,,,,,,0.7,0.03792046073302478,0.6185714285714285,0.35
c3110,deepseek_reversed_history,IT,60,60,1.0,0.13333333333333333,,,,,,,,,,,,0.7333333333333333,0.03605975182547664,0.5562354312354313,0.26666666666666666
c3110,deepseek_reversed_history,NL,60,60,1.0,0.15,,,,,,,,,,,,0.65,0.026222405806099507,0.5268888888888889,0.38333333333333336
c3110,deepseek_reversed_history,PT,60,60,1.0,0.1,,,,,,,,,,,,0.7,0.006339965787821793,0.6415750915750915,0.3
c3110,deepseek_shuffled_history,AT,60,60,1.0,0.15,,,,,,,,,,,,0.31666666666666665,0.007948481601055624,0.19012605042016806,0.8833333333333333
c3110,deepseek_shuffled_history,BE,60,60,1.0,0.16666666666666666,,,,,,,,,,,,0.31666666666666665,0.015733847478387162,0.19038461538461537,1.0333333333333334
c3110,deepseek_shuffled_history,DE,60,60,1.0,0.03333333333333333,,,,,,,,,,,,0.4166666666666667,0.004135685481945686,0.15444444444444444,0.7333333333333333
c3110,deepseek_shuffled_history,EL,60,60,1.0,0.15,,,,,,,,,,,,0.31666666666666665,0.019052067467591135,0.1865934065934066,0.95
c3110,deepseek_shuffled_history,ES,60,60,1.0,0.11666666666666667,,,,,,,,,,,,0.4666666666666667,0.03958241021033659,0.3012267904509284,0.7166666666666667
c3110,deepseek_shuffled_history,FI,60,60,1.0,-0.05,,,,,,,,,,,,0.48333333333333334,0.00892028341258372,0.20303030303030303,0.65
c3110,deepseek_shuffled_history,FR,60,60,1.0,0.11666666666666667,,,,,,,,,,,,0.2833333333333333,0.023488569931865266,0.16203703703703703,0.8166666666666667
c3110,deepseek_shuffled_history,IE,60,60,1.0,0.4,,,,,,,,,,,,0.35,0.10608522801610443,0.22952380952380952,1.0
c3110,deepseek_shuffled_history,IT,60,60,1.0,0.15,,,,,,,,,,,,0.5166666666666667,0.03446425984647477,0.28292540792540793,0.5833333333333334
c3110,deepseek_shuffled_history,NL,60,60,1.0,0.15,,,,,,,,,,,,0.36666666666666664,0.05129699874140548,0.2104444444444445,0.85
c3110,deepseek_shuffled_history,PT,60,60,1.0,0.11666666666666667,,,,,,,,,,,,0.5333333333333333,0.008301710034216592,0.28305860805860805,0.6166666666666667
c3110,hist_gradient_boosting,AT,60,60,1.0,0.03333333333333333,,,,,,,,,,,,0.8333333333333334,0.0008514818656900171,0.8396139705882353,0.16666666666666666
c3110,hist_gradient_boosting,BE,60,60,1.0,-0.016666666666666666,,,,,,,,,,,,0.7,0.008853814174438835,0.7189102564102564,0.35
c3110,hist_gradient_boosting,DE,60,60,1.0,-0.016666666666666666,,,,,,,,,,,,0.7666666666666667,0.0009440402476113283,0.6977777777777778,0.25
c3110,hist_gradient_boosting,EL,60,60,1.0,-0.03333333333333333,,,,,,,,,,,,0.6833333333333333,0.02428822674137844,0.6779853479853479,0.36666666666666664
c3110,hist_gradient_boosting,ES,60,60,1.0,-0.03333333333333333,,,,,,,,,,,,0.7,0.0039027788264817394,0.7569628647214854,0.3333333333333333
c3110,hist_gradient_boosting,FI,60,60,1.0,-0.06666666666666667,,,,,,,,,,,,0.75,0.0049363652481405635,0.5652680652680653,0.26666666666666666
c3110,hist_gradient_boosting,FR,60,60,1.0,0.06666666666666667,,,,,,,,,,,,0.8166666666666667,0.01386622867099992,0.7094907407407408,0.2
c3110,hist_gradient_boosting,IE,60,60,1.0,-0.1,,,,,,,,,,,,0.75,0.03731852593803615,0.6295238095238095,0.26666666666666666
c3110,hist_gradient_boosting,IT,60,60,1.0,0.13333333333333333,,,,,,,,,,,,0.8,0.034358225676907814,0.6171328671328671,0.2
c3110,hist_gradient_boosting,NL,60,60,1.0,0.016666666666666666,,,,,,,,,,,,0.7166666666666667,0.01749766590943134,0.6048888888888889,0.31666666666666665
c3110,hist_gradient_boosting,PT,60,60,1.0,0.05,,,,,,,,,,,,0.7833333333333333,0.04059003682823145,0.6943223443223443,0.21666666666666667
c3110,history3,AT,60,60,1.0,-0.03333333333333333,,,,,,,,,,,,0.8,0.010979377658912291,0.8170955882352942,0.23333333333333334
c3110,history3,BE,60,60,1.0,-0.13333333333333333,,,,,,,,,,,,0.7,0.00831333902341266,0.7067307692307693,0.36666666666666664
c3110,history3,DE,60,60,1.0,-0.1,,,,,,,,,,,,0.7,0.00613482367960405,0.66,0.3333333333333333
c3110,history3,EL,60,60,1.0,-0.06666666666666667,,,,,,,,,,,,0.6666666666666666,0.018641109572231983,0.6646520146520146,0.4
c3110,history3,ES,60,60,1.0,-0.08333333333333333,,,,,,,,,,,,0.6833333333333333,0.01125738637405435,0.748342175066313,0.38333333333333336
c3110,history3,FI,60,60,1.0,-0.08333333333333333,,,,,,,,,,,,0.7166666666666667,0.004865314964405337,0.555011655011655,0.31666666666666665
c3110,history3,FR,60,60,1.0,0.016666666666666666,,,,,,,,,,,,0.8,0.01386918088613838,0.7314814814814815,0.21666666666666667
c3110,history3,IE,60,60,1.0,-0.13333333333333333,,,,,,,,,,,,0.75,0.027823811938198155,0.6228571428571429,0.3
c3110,history3,IT,60,60,1.0,0.06666666666666667,,,,,,,,,,,,0.8,0.04414606213610691,0.666083916083916,0.2
c3110,history3,NL,60,60,1.0,0.03333333333333333,,,,,,,,,,,,0.6833333333333333,0.008055717036195542,0.6788888888888889,0.3333333333333333
c3110,history3,PT,60,60,1.0,0.03333333333333333,,,,,,,,,,,,0.7666666666666667,0.024100897835079762,0.7108058608058608,0.23333333333333334
c3110,last_observation,AT,60,60,1.0,0.03333333333333333,,,,,,,,,,,,0.8,0.01040167294884267,0.8018644957983193,0.2
c3110,last_observation,BE,60,60,1.0,-0.016666666666666666,,,,,,,,,,,,0.6833333333333333,0.009147797641833315,0.7326923076923076,0.38333333333333336
c3110,last_observation,DE,60,60,1.0,0.0,,,,,,,,,,,,0.7333333333333333,0.0054075347150295775,0.6711111111111111,0.3333333333333333
c3110,last_observation,EL,60,60,1.0,0.016666666666666666,,,,,,,,,,,,0.6166666666666667,0.012217729791153134,0.6293406593406593,0.4166666666666667
c3110,last_observation,ES,60,60,1.0,0.1,,,,,,,,,,,,0.6833333333333333,0.01949482382061807,0.7379393236074271,0.3333333333333333
c3110,last_observation,FI,60,60,1.0,-0.1,,,,,,,,,,,,0.7166666666666667,0.004241990807034286,0.555011655011655,0.3
c3110,last_observation,FR,60,60,1.0,0.05,,,,,,,,,,,,0.7666666666666667,0.010456176649296458,0.7118055555555556,0.25
c3110,last_observation,IE,60,60,1.0,0.016666666666666666,,,,,,,,,,,,0.6833333333333333,0.03987659566235237,0.5757142857142857,0.35
c3110,last_observation,IT,60,60,1.0,0.11666666666666667,,,,,,,,,,,,0.7666666666666667,0.016536956453885133,0.6604020979020979,0.25
c3110,last_observation,NL,60,60,1.0,0.0,,,,,,,,,,,,0.6833333333333333,0.005194990509249251,0.603111111111111,0.36666666666666664
c3110,last_observation,PT,60,60,1.0,0.03333333333333333,,,,,,,,,,,,0.8,0.011125923902776154,0.7786630036630037,0.2
c6120,conditional_donor,AT,56,56,1.0,0.5750000000000001,3.6178571428571433,5.0120568917076636,1.1750000000000003,0.6500000000000001,2.5500000000000003,3.0,0.44276651164256575,0.19642857142857142,0.21428571428571427,0.6785714285714286,0.75,,,,
c6120,conditional_donor,BE,51,51,1.0,-1.2725490196078433,5.939215686274509,12.247168540315839,2.990196078431374,1.112994350282486,2.0,2.0,0.1884394885953635,0.21568627450980393,0.23529411764705882,0.6666666666666666,0.7254901960784313,,,,
c6120,conditional_donor,DE,55,55,1.0,-0.5454545454545456,2.84,4.725443702110753,0.8727272727272729,0.9448818897637796,3.0,2.5,0.3532862109141804,0.09090909090909091,0.14545454545454545,0.5636363636363636,0.6181818181818182,,,,
c6120,conditional_donor,EL,57,57,1.0,1.4403508771929827,7.384210526315789,12.04556408123288,2.212280701754386,0.7547619047619047,5.0,5.9,0.43978121223574773,0.22807017543859648,0.12280701754385964,0.8421052631578947,0.8421052631578947,,,,
c6120,conditional_donor,ES,53,53,1.0,-0.16415094339622646,3.2433962264150944,4.959210984108829,0.7679245283018867,1.0,3.0,2.5,0.22258526092029735,0.18867924528301888,0.16981132075471697,0.7547169811320755,0.6792452830188679,,,,
c6120,conditional_donor,FI,56,56,1.0,-0.3553571428571428,3.3482142857142856,6.9157558206915155,1.5517857142857157,0.8333333333333334,0.0,0.0,0.452907430852201,0.375,0.42857142857142855,0.7142857142857143,0.7321428571428571,,,,
c6120,conditional_donor,FR,54,54,1.0,-0.3222222222222222,3.781481481481481,7.080541933642796,1.7777777777777777,0.625,2.5,0.4999999999999985,0.18411612952775036,0.2777777777777778,0.37037037037037035,0.7592592592592593,0.7777777777777778,,,,
c6120,conditional_donor,IE,52,52,1.0,-0.3096153846153846,4.759615384615385,7.8223422618508875,2.190384615384615,1.0526315789473684,0.0,0.0,0.41851002919598285,0.40384615384615385,0.4807692307692308,0.7884615384615384,0.8846153846153846,,,,
c6120,conditional_donor,IT,53,53,1.0,-0.3358490566037736,2.362264150943396,4.5250247575680485,1.283018867924528,0.8925619834710745,0.0,1.0,0.5279318870936969,0.5094339622641509,0.4716981132075472,0.8679245283018868,0.8113207547169812,,,,
c6120,conditional_donor,NL,55,55,1.0,-2.9327272727272726,5.547272727272729,17.602783870740446,3.456363636363637,0.3856502242152466,2.8,3.0,0.2130210800748833,0.2,0.14545454545454545,0.6,0.6,,,,
c6120,conditional_donor,PT,53,53,1.0,0.720754716981132,3.9396226415094335,6.852791746214176,1.4943396226415093,1.0,3.0,2.0,0.5592414076145095,0.2830188679245283,0.2830188679245283,0.7924528301886793,0.8301886792452831,,,,
c6120,country_previous,AT,56,56,1.0,-0.37142857142857144,3.6357142857142857,5.326953028836332,3.4571428571428573,0.1,2.5500000000000003,2.8,-0.057563949754354166,0.19642857142857142,0.0,0.6785714285714286,0.35714285714285715,,,,
c6120,country_previous,BE,51,51,1.0,-1.1882352941176473,6.666666666666667,18.117059450618772,6.666666666666668,0.0,2.0,2.0,,0.21568627450980393,0.0,0.6666666666666666,1.0,,,,
c6120,country_previous,DE,55,55,1.0,-1.28,2.8581818181818184,4.621097862472235,2.7309090909090914,0.15748031496062992,3.0,2.5,0.12165581736097689,0.09090909090909091,0.0,0.5636363636363636,0.3090909090909091,,,,
c6120,country_previous,EL,57,57,1.0,-1.1350877192982458,7.65438596491228,12.478606253708293,6.994736842105265,0.18095238095238098,5.0,5.9,-0.09668889318768219,0.22807017543859648,0.0,0.8421052631578947,0.3508771929824561,,,,
c6120,country_previous,ES,53,53,1.0,-1.1452830188679246,3.156603773584906,6.301287679125144,3.1566037735849055,0.0,3.0,2.5,,0.18867924528301888,0.0,0.7547169811320755,0.0,,,,
c6120,country_previous,FI,56,56,1.0,-0.6267857142857143,3.355357142857143,7.4743012095732775,2.9946428571428587,0.4166666666666667,0.0,0.5,-0.02896483523314981,0.375,0.35714285714285715,0.7142857142857143,0.6785714285714286,,,,
c6120,country_previous,FR,54,54,1.0,-0.32222222222222224,3.5925925925925926,6.164834562677671,3.385185185185185,0.275,2.5,1.0,0.04775386239063202,0.2777777777777778,0.0,0.7592592592592593,0.6296296296296297,,,,
c6120,country_previous,IE,52,52,1.0,0.04615384615384621,5.480769230769231,8.85229218468736,5.3269230769230775,0.10526315789473684,0.0,3.0,-0.12440166453239539,0.40384615384615385,0.0,0.7884615384615384,0.6730769230769231,,,,
c6120,country_previous,IT,53,53,1.0,0.07924528301886814,3.3396226415094343,5.203010739438944,2.890566037735849,0.33057851239669417,0.0,2.0,-0.23221010023407176,0.5094339622641509,0.0,0.8679245283018868,0.32075471698113206,,,,
c6120,country_previous,NL,55,55,1.0,-3.201818181818182,5.049090909090909,14.210284367956252,5.04909090909091,0.0,2.8,2.5,,0.2,0.0,0.6,0.0,,,,
c6120,country_previous,PT,53,53,1.0,-0.7150943396226416,4.213207547169811,6.80700249881458,3.8886792452830186,0.2,3.0,2.5,0.13987740460898884,0.2830188679245283,0.0,0.7924528301886793,0.6415094339622641,,,,
c6120,deepseek_demo,AT,56,56,1.0,-0.45000000000000007,3.6928571428571426,5.473050859829982,2.953571428571429,0.2,2.5500000000000003,2.750000000000001,-0.01683857904728019,0.19642857142857142,0.0,0.6785714285714286,0.9642857142857143,,,,
c6120,deepseek_demo,BE,51,51,1.0,-0.4333333333333335,6.892156862745098,18.146987002114205,6.166666666666668,0.22598870056497175,2.0,3.0,-0.08670116066415032,0.21568627450980393,0.0,0.6666666666666666,0.9803921568627451,,,,
c6120,deepseek_demo,DE,55,55,1.0,-1.3163636363636362,3.025454545454545,4.777218665899457,2.3381818181818184,0.31496062992125984,3.0,3.0,-0.22316766288553588,0.09090909090909091,0.0,0.5636363636363636,0.9636363636363636,,,,
c6120,deepseek_demo,EL,57,57,1.0,-4.212280701754386,7.9982456140350875,13.305684051193136,7.264912280701756,0.19047619047619047,5.0,3.0,-0.14733746097869801,0.22807017543859648,0.0,0.8421052631578947,0.9824561403508771,,,,
c6120,deepseek_demo,ES,53,53,1.0,-0.4566037735849057,3.150943396226415,6.471971499808975,2.5584905660377357,0.47058823529411764,3.0,4.0,0.055859906522015786,0.18867924528301888,0.0,0.7547169811320755,1.0,,,,
c6120,deepseek_demo,FI,56,56,1.0,1.4714285714285713,3.9107142857142856,7.523059787840888,3.6678571428571445,0.4166666666666667,0.0,3.0,0.05420478928743954,0.375,0.0,0.7142857142857143,0.9464285714285714,,,,
c6120,deepseek_demo,FR,54,54,1.0,0.511111111111111,3.514814814814815,6.379364881890383,2.9592592592592593,0.375,2.5,2.0,-0.07383041128007507,0.2777777777777778,0.0,0.7592592592592593,0.6666666666666666,,,,
c6120,deepseek_demo,IE,52,52,1.0,0.34423076923076934,5.701923076923077,9.04298495647742,4.901923076923077,0.42105263157894735,0.0,3.0,-0.2113208504198758,0.40384615384615385,0.0,0.7884615384615384,1.0,,,,
c6120,deepseek_demo,IT,53,53,1.0,0.3037735849056604,3.4622641509433962,5.297400572940344,2.7981132075471695,0.4958677685950413,0.0,2.0,-0.14556086073682212,0.5094339622641509,0.018867924528301886,0.8679245283018868,0.8301886792452831,,,,
c6120,deepseek_demo,NL,55,55,1.0,-2.9927272727272727,5.279999999999999,14.161805226478979,4.443636363636365,0.31390134529148006,2.8,2.0,-0.0751331894945016,0.2,0.0,0.6,0.9636363636363636,,,,
c6120,deepseek_demo,PT,53,53,1.0,-0.1773584905660378,4.286792452830189,6.884245070352976,3.445283018867924,0.4,3.0,3.0,0.019493036171708358,0.2830188679245283,0.0,0.7924528301886793,1.0,,,,
c6120,deepseek_history,AT,55,56,0.9821428571428571,0.39272727272727276,3.1018181818181816,5.200909011456992,0.7890909090909091,0.6,2.6,2.8,0.668751329932285,0.18181818181818182,0.05454545454545454,0.6727272727272727,0.8727272727272727,,,,
c6120,deepseek_history,BE,51,51,1.0,1.3137254901960784,5.7372549019607835,18.300776796970915,4.27450980392157,0.7740112994350282,2.0,3.0,0.5054492681181524,0.21568627450980393,0.09803921568627451,0.6666666666666666,0.7647058823529411,,,,
c6120,deepseek_history,DE,55,55,1.0,-0.9854545454545455,2.2981818181818183,4.17795078085809,1.3854545454545457,0.7480314960629925,3.0,2.5,0.5880969968638333,0.09090909090909091,0.10909090909090909,0.5636363636363636,0.6727272727272727,,,,
c6120,deepseek_history,EL,57,57,1.0,0.4578947368421053,4.7105263157894735,7.544127494225082,1.903508771929825,0.6738095238095239,5.0,5.0,0.5610351647397313,0.22807017543859648,0.08771929824561403,0.8421052631578947,0.9473684210526315,,,,
c6120,deepseek_history,ES,53,53,1.0,0.4415094339622641,2.5660377358490565,3.7241688955073116,0.9999999999999998,0.9411764705882353,3.0,3.0,0.48496296960189395,0.18867924528301888,0.1320754716981132,0.7547169811320755,0.9056603773584906,,,,
c6120,deepseek_history,FI,56,56,1.0,1.3732142857142857,2.4875000000000003,4.089730169234011,1.408928571428572,1.25,0.0,1.0,0.5333107573528583,0.375,0.26785714285714285,0.7142857142857143,0.8392857142857143,,,,
c6120,deepseek_history,FR,54,54,1.0,0.9740740740740742,3.144444444444445,7.221341826681367,1.6,0.5,2.5,2.0,0.40669554210581427,0.2777777777777778,0.16666666666666666,0.7592592592592593,0.8703703703703703,,,,
c6120,deepseek_history,IE,52,52,1.0,0.7826923076923078,3.9480769230769233,8.881582066276255,2.3211538461538463,0.8421052631578947,0.0,2.0,0.5702824932891268,0.40384615384615385,0.15384615384615385,0.7884615384615384,0.9038461538461539,,,,
c6120,deepseek_history,IT,53,53,1.0,0.8150943396226416,2.864150943396226,7.610667786136996,1.5547169811320751,0.9917355371900826,0.0,1.0,0.7141441385898821,0.5094339622641509,0.3584905660377358,0.8679245283018868,0.9056603773584906,,,,
c6120,deepseek_history,NL,54,55,0.9818181818181818,-0.725925925925926,2.477777777777778,4.902191497838643,1.4444444444444455,0.4821428571428572,2.8499999999999996,3.0,0.49434274415845053,0.18518518518518517,0.07407407407407407,0.5925925925925926,0.7037037037037037,,,,
c6120,deepseek_history,PT,53,53,1.0,-0.09245283018867925,2.1188679245283017,3.5285626984625242,1.3490566037735845,0.725,3.0,2.5,0.7524401437837492,0.2830188679245283,0.1509433962264151,0.7924528301886793,0.8301886792452831,,,,
c6120,deepseek_history1,AT,54,56,0.9642857142857143,0.4592592592592593,3.9185185185185185,6.467869303977419,1.0518518518518514,0.6,2.6999999999999997,3.0,0.5689226059625119,0.18518518518518517,0.0,0.6851851851851852,0.7962962962962963,,,,
c6120,deepseek_history1,BE,51,51,1.0,1.0549019607843138,6.286274509803922,18.376647585198675,3.2470588235294127,0.7570621468926553,2.0,2.5,0.6394645017760123,0.21568627450980393,0.0392156862745098,0.6666666666666666,0.8627450980392157,,,,
c6120,deepseek_history1,DE,55,55,1.0,-0.8272727272727273,2.2163636363636363,4.155981450654203,1.6672727272727275,0.4724409448818898,3.0,2.5,0.5363827872729083,0.09090909090909091,0.0,0.5636363636363636,0.6727272727272727,,,,
c6120,deepseek_history1,EL,57,57,1.0,1.0982456140350878,7.231578947368422,10.872740741325076,3.3684210526315788,0.5357142857142857,5.0,5.0,0.41619082486411735,0.22807017543859648,0.03508771929824561,0.8421052631578947,0.8771929824561403,,,,
c6120,deepseek_history1,ES,53,53,1.0,0.6660377358490566,2.922641509433962,4.304999287796053,1.1754716981132072,0.8529411764705882,3.0,3.0,0.44275318937490493,0.18867924528301888,0.05660377358490566,0.7547169811320755,0.8113207547169812,,,,
c6120,deepseek_history1,FI,56,56,1.0,0.43035714285714277,3.4267857142857143,7.31948231971165,1.8660714285714293,0.8333333333333334,0.0,1.0,0.5413897509654404,0.375,0.03571428571428571,0.7142857142857143,0.8035714285714286,,,,
c6120,deepseek_history1,FR,54,54,1.0,0.7462962962962963,3.390740740740741,6.723631624518272,1.7129629629629632,0.5,2.5,2.0,0.2536730381218922,0.2777777777777778,0.09259259259259259,0.7592592592592593,0.7777777777777778,,,,
c6120,deepseek_history1,IE,52,52,1.0,0.9326923076923078,3.7288461538461544,6.43994445747668,2.398076923076923,0.631578947368421,0.0,2.0,0.6336167650589012,0.40384615384615385,0.038461538461538464,0.7884615384615384,0.8846153846153846,,,,
c6120,deepseek_history1,IT,52,53,0.9811320754716981,1.1076923076923075,3.523076923076923,8.234636043519517,1.546153846153847,0.7377049180327869,0.0,2.0,0.5803345689722874,0.5,0.1346153846153846,0.8653846153846154,0.8653846153846154,,,,
c6120,deepseek_history1,NL,55,55,1.0,-0.05454545454545448,2.985454545454546,5.633923225345807,0.9709090909090908,0.5381165919282511,2.8,3.0,0.5036837325332801,0.2,0.01818181818181818,0.6,0.7272727272727273,,,,
c6120,deepseek_history1,PT,53,53,1.0,0.2528301886792453,2.4264150943396223,3.6636408326886243,1.5698113207547169,0.6,3.0,3.0,0.7526334307607014,0.2830188679245283,0.018867924528301886,0.7924528301886793,0.8679245283018868,,,,
c6120,deepseek_history_repeat,AT,12,12,1.0,0.7250000000000001,4.775,6.6008206560497715,1.9083333333333332,0.7,3.8500000000000005,3.500000000000001,0.5242378287089582,0.25,0.16666666666666666,0.75,1.0,,,,
c6120,deepseek_history_repeat,BE,11,11,1.0,-0.1454545454545455,1.8545454545454545,2.9120439557122073,1.4909090909090912,0.4375,1.8,2.5,0.5695394819963239,0.36363636363636365,0.09090909090909091,0.7272727272727273,0.7272727272727273,,,,
c6120,deepseek_history_repeat,DE,12,12,1.0,-3.375,4.4750000000000005,7.24252488201916,3.3749999999999996,0.41463414634146334,3.75,3.0,0.1290728893976494,0.08333333333333333,0.08333333333333333,0.5833333333333334,0.9166666666666666,,,,
c6120,deepseek_history_repeat,EL,10,10,1.0,-0.6300000000000001,4.17,5.222547271207796,2.2699999999999996,0.6666666666666666,3.7499999999999996,5.0,0.4492328957820548,0.2,0.0,0.6,0.9,,,,
c6120,deepseek_history_repeat,ES,11,12,0.9166666666666666,0.8090909090909091,1.9181818181818182,2.8814453443935517,0.8090909090909093,1.0555555555555556,3.0,3.0,0.10161906720549105,0.18181818181818182,0.09090909090909091,0.6363636363636364,0.8181818181818182,,,,
c6120,deepseek_history_repeat,FI,11,11,1.0,0.7636363636363636,1.7272727272727273,2.767998949027651,0.7636363636363637,0.909090909090909,1.5,1.5,0.2212064771005878,0.36363636363636365,0.18181818181818182,0.7272727272727273,0.6363636363636364,,,,
c6120,deepseek_history_repeat,FR,11,11,1.0,2.972727272727273,4.0636363636363635,10.092706637603575,3.3363636363636364,1.1111111111111112,1.5,2.0,0.40092591611676504,0.2727272727272727,0.18181818181818182,0.7272727272727273,0.7272727272727273,,,,
c6120,deepseek_history_repeat,IE,12,12,1.0,1.0833333333333333,2.6666666666666665,3.310337344340201,1.1666666666666665,0.7368421052631579,0.0,2.25,0.5035764237633552,0.5,0.16666666666666666,0.75,0.9166666666666666,,,,
c6120,deepseek_history_repeat,IT,11,11,1.0,-1.4090909090909092,1.5909090909090908,3.4145410978769766,1.5909090909090908,1.2142857142857144,1.5,0.0,0.9589567195393902,0.45454545454545453,0.5454545454545454,0.9090909090909091,1.0,,,,
c6120,deepseek_history_repeat,NL,11,11,1.0,0.4727272727272726,3.5454545454545454,4.679355044914164,1.9272727272727272,0.5607476635514018,2.5,4.0,0.4837261625611545,0.2727272727272727,0.09090909090909091,0.45454545454545453,0.8181818181818182,,,,
c6120,deepseek_history_repeat,PT,10,10,1.0,0.22000000000000003,0.62,0.8966604708583958,0.48,0.8,2.4,2.25,0.9051198064651885,0.4,0.1,0.8,0.8,,,,
c6120,deepseek_matched_history,AT,53,56,0.9464285714285714,0.8584905660377359,4.786792452830189,6.243713819847203,1.349056603773585,0.6544502617801047,2.5,3.0,-0.12232843019654775,0.20754716981132076,0.09433962264150944,0.660377358490566,0.8679245283018868,,,,
c6120,deepseek_matched_history,BE,49,51,0.9607843137254902,1.7734693877551015,7.659183673469388,17.846814155759116,4.161224489795919,0.8011695906432749,2.0,3.0,-0.17579369472946338,0.20408163265306123,0.061224489795918366,0.6530612244897959,0.8775510204081632,,,,
c6120,deepseek_matched_history,DE,54,55,0.9818181818181818,-0.9407407407407408,3.096296296296296,4.775322366469483,1.3962962962962966,0.78125,3.0,2.0,0.19214174604627887,0.09259259259259259,0.09259259259259259,0.5555555555555556,0.8148148148148148,,,,
c6120,deepseek_matched_history,EL,56,57,0.9824561403508771,-0.3089285714285711,11.0375,17.39223451510965,2.9410714285714277,0.4727272727272727,5.0,5.0,-0.19431488947341644,0.21428571428571427,0.08928571428571429,0.8392857142857143,0.875,,,,
c6120,deepseek_matched_history,ES,52,53,0.9811320754716981,0.5403846153846152,5.921153846153846,9.387768228268756,0.9826923076923078,0.9444444444444443,3.0,2.5,-0.4189358892356122,0.19230769230769232,0.17307692307692307,0.75,0.8461538461538461,,,,
c6120,deepseek_matched_history,FI,56,56,1.0,1.432142857142857,5.825,11.210804737267653,1.432142857142858,1.5625,0.0,1.0,-0.045812950290992534,0.375,0.19642857142857142,0.7142857142857143,0.8392857142857143,,,,
c6120,deepseek_matched_history,FR,54,54,1.0,0.9018518518518519,4.187037037037037,6.538985650185611,1.4462962962962962,0.5,2.5,2.0,0.14182211075748669,0.2777777777777778,0.2222222222222222,0.7592592592592593,0.8703703703703703,,,,
c6120,deepseek_matched_history,IE,48,52,0.9230769230769231,0.5708333333333334,6.166666666666667,10.114840582035882,2.7291666666666665,1.0,0.0,2.250000000000001,0.3061354120635473,0.4166666666666667,0.25,0.8333333333333334,0.875,,,,
c6120,deepseek_matched_history,IT,52,53,0.9811320754716981,1.2673076923076925,5.471153846153846,9.610941281044864,1.7288461538461546,1.6393442622950818,0.0,2.0,-0.30842409325741316,0.5,0.3076923076923077,0.8653846153846154,0.9423076923076923,,,,
c6120,deepseek_matched_history,NL,55,55,1.0,-1.292727272727273,7.125454545454546,19.199692232381796,1.6818181818181819,0.5022421524663677,2.8,2.5,0.1520891786937853,0.2,0.10909090909090909,0.6,0.6909090909090909,,,,
c6120,deepseek_matched_history,PT,49,53,0.9245283018867925,0.02857142857142847,5.506122448979591,8.41834730980918,1.3918367346938778,0.7,3.0,3.0,0.11766667207880847,0.2653061224489796,0.10204081632653061,0.7755102040816326,0.8163265306122449,,,,
c6120,deepseek_reversed_history,AT,56,56,1.0,0.45357142857142857,2.6571428571428575,4.47628672642212,1.2750000000000001,0.6,2.5500000000000003,3.0,0.6625513226232603,0.19642857142857142,0.07142857142857142,0.6785714285714286,0.8035714285714286,,,,
c6120,deepseek_reversed_history,BE,51,51,1.0,0.7647058823529413,5.572549019607844,18.223944602164075,4.062745098039217,0.8757062146892656,2.0,3.0,0.43488033664421905,0.21568627450980393,0.09803921568627451,0.6666666666666666,0.803921568627451,,,,
c6120,deepseek_reversed_history,DE,55,55,1.0,-0.13272727272727267,2.514545454545454,4.0892097480609095,0.6345454545454545,0.6771653543307087,3.0,3.0,0.5755871363203799,0.09090909090909091,0.12727272727272726,0.5636363636363636,0.7090909090909091,,,,
c6120,deepseek_reversed_history,EL,57,57,1.0,-1.9912280701754386,5.278947368421052,8.390794872745444,3.2508771929824567,0.5714285714285714,5.0,4.0,0.6699587854240103,0.22807017543859648,0.10526315789473684,0.8421052631578947,0.9122807017543859,,,,
c6120,deepseek_reversed_history,ES,52,53,0.9811320754716981,-0.22884615384615375,3.232692307692307,6.826095291092626,0.7480769230769237,1.064935064935065,3.0,2.0,0.6241370318087268,0.17307692307692307,0.19230769230769232,0.75,0.8846153846153846,,,,
c6120,deepseek_reversed_history,FI,56,56,1.0,0.3321428571428572,2.8678571428571433,7.069678715674224,1.7928571428571445,0.9166666666666666,0.0,1.0,0.44513932767159503,0.375,0.26785714285714285,0.7142857142857143,0.8392857142857143,,,,
c6120,deepseek_reversed_history,FR,54,54,1.0,0.9314814814814815,3.0388888888888888,7.016765636673353,1.4833333333333334,0.75,2.5,2.0,0.3730704363151068,0.2777777777777778,0.18518518518518517,0.7592592592592593,0.8518518518518519,,,,
c6120,deepseek_reversed_history,IE,51,52,0.9807692307692307,1.488235294117647,3.892156862745098,9.851933223245787,1.9196078431372545,0.8205128205128205,0.0,2.5,0.6686637073125646,0.39215686274509803,0.1568627450980392,0.7843137254901961,0.8627450980392157,,,,
c6120,deepseek_reversed_history,IT,53,53,1.0,0.8320754716981131,3.337735849056603,8.002605707718427,1.5339622641509432,1.1570247933884306,0.0,1.0,0.5338112030967016,0.5094339622641509,0.3584905660377358,0.8679245283018868,0.9056603773584906,,,,
c6120,deepseek_reversed_history,NL,55,55,1.0,-0.7818181818181819,2.178181818181818,4.020492959372474,1.298181818181818,0.44843049327354256,2.8,2.5,0.7137938875724275,0.2,0.10909090909090909,0.6,0.7454545454545455,,,,
c6120,deepseek_reversed_history,PT,53,53,1.0,0.6566037735849057,2.309433962264151,4.164857468851612,1.1660377358490563,0.8,3.0,3.0,0.8583673496338592,0.2830188679245283,0.16981132075471697,0.7924528301886793,0.9245283018867925,,,,
c6120,deepseek_shuffled_history,AT,55,56,0.9821428571428571,0.54,4.965454545454546,7.281171234454972,0.9436363636363636,0.675,2.6,2.5,-0.12101108670415524,0.2,0.18181818181818182,0.6727272727272727,0.8909090909090909,,,,
c6120,deepseek_shuffled_history,BE,47,51,0.9215686274509803,-0.9106382978723406,10.374468085106383,24.647774056848352,1.86808510638298,0.8837209302325582,2.0,3.0,0.08365631355852134,0.19148936170212766,0.0851063829787234,0.6382978723404256,0.7659574468085106,,,,
c6120,deepseek_shuffled_history,DE,53,55,0.9636363636363636,-1.0320754716981133,3.654716981132075,5.389280065337253,1.4849056603773585,0.8,3.0,2.5,0.09671441228941494,0.09433962264150944,0.09433962264150944,0.5849056603773585,0.6981132075471698,,,,
c6120,deepseek_shuffled_history,EL,57,57,1.0,-0.2964912280701754,11.096491228070175,16.581954892900157,2.5350877192982457,0.48333333333333334,5.0,5.0,-0.04987156965753877,0.22807017543859648,0.05263157894736842,0.8421052631578947,0.9122807017543859,,,,
c6120,deepseek_shuffled_history,ES,51,53,0.9622641509433962,0.31568627450980397,4.731372549019608,7.894810904365365,1.0215686274509805,1.019108280254777,3.0,2.0,-0.09441027076790058,0.17647058823529413,0.13725490196078433,0.7647058823529411,0.9019607843137255,,,,
c6120,deepseek_shuffled_history,FI,56,56,1.0,-0.0285714285714286,4.335714285714286,8.22018421760903,1.610714285714287,1.25,0.0,1.0,0.04999632692099567,0.375,0.26785714285714285,0.7142857142857143,0.8392857142857143,,,,
c6120,deepseek_shuffled_history,FR,54,54,1.0,1.2296296296296296,4.814814814814815,7.35091327155517,1.5296296296296297,0.75,2.5,2.0,-0.02892381010926325,0.2777777777777778,0.2037037037037037,0.7592592592592593,0.8518518518518519,,,,
c6120,deepseek_shuffled_history,IE,51,52,0.9807692307692307,0.48823529411764705,6.696078431372549,10.269725161948628,2.5862745098039213,0.8205128205128205,0.0,2.0,0.1291249209113526,0.39215686274509803,0.1568627450980392,0.7843137254901961,0.9607843137254902,,,,
c6120,deepseek_shuffled_history,IT,51,53,0.9622641509433962,1.4862745098039216,4.564705882352942,9.437493020384382,1.87843137254902,1.3333333333333333,0.0,2.0,-0.027157432853287186,0.5294117647058824,0.29411764705882354,0.8823529411764706,0.8823529411764706,,,,
c6120,deepseek_shuffled_history,NL,55,55,1.0,-0.7763636363636361,7.474545454545454,19.23380074007971,1.3836363636363636,0.5695067264573992,2.8,3.0,0.013085815740727848,0.2,0.10909090909090909,0.6,0.7636363636363637,,,,
c6120,deepseek_shuffled_history,PT,50,53,0.9433962264150944,0.824,5.68,8.132207572363116,1.5280000000000002,0.64,3.25,3.0,0.0939007507696434,0.28,0.14,0.8,0.86,,,,
c6120,hist_gradient_boosting,AT,56,56,1.0,0.17509486128347065,2.5192958309667404,4.254083049584492,1.314559866544935,0.6647861158059702,2.5500000000000003,2.645082511032637,0.74027668311755,0.19642857142857142,0.0,0.6785714285714286,0.0,,,,
c6120,hist_gradient_boosting,BE,51,51,1.0,-0.003710137958152613,5.4262526659333545,17.784975490553133,4.293870966858953,0.7177735947462391,2.0,2.391815213123446,0.679595781214507,0.21568627450980393,0.0,0.6666666666666666,0.0,,,,
c6120,hist_gradient_boosting,DE,55,55,1.0,-0.871400599685961,2.1450682236431056,3.96865477643496,1.3145769984948228,0.5842977958829304,3.0,2.7129936559258288,0.7029987048121674,0.09090909090909091,0.0,0.5636363636363636,0.0,,,,
c6120,hist_gradient_boosting,EL,57,57,1.0,-0.7129927789337892,4.652646574934458,8.139864685458718,2.7299816463669444,0.708991814525417,5.0,4.73532732405176,0.6635587279054638,0.22807017543859648,0.0,0.8421052631578947,0.0,,,,
c6120,hist_gradient_boosting,ES,53,53,1.0,-0.09500830360089754,2.4936790783001106,4.675847367070154,1.0309316254368075,1.1250663034010568,3.0,2.5732150230661195,0.6484525206297872,0.18867924528301888,0.0,0.7547169811320755,0.0,,,,
c6120,hist_gradient_boosting,FI,56,56,1.0,0.47912553538121677,2.7158414861279323,6.1111862587582175,1.903765815719363,0.9560663368354679,0.0,0.5586429739904235,0.585431914657931,0.375,0.0,0.7142857142857143,0.0,,,,
c6120,hist_gradient_boosting,FR,54,54,1.0,0.8072151137632813,3.2438321391696174,6.918575391920927,1.7931483026352668,0.7747263712933916,2.5,1.944709111772913,0.32929799703867807,0.2777777777777778,0.0,0.7592592592592593,0.0,,,,
c6120,hist_gradient_boosting,IE,52,52,1.0,0.709672849944912,3.1861091879825074,6.666773833334729,2.3830644738449562,1.0588114898555336,0.0,2.2417917403584062,0.6602407506185998,0.40384615384615385,0.0,0.7884615384615384,0.0,,,,
c6120,hist_gradient_boosting,IT,53,53,1.0,-0.053666926586429964,2.0812558088026716,4.503185234015233,1.1086326809292149,0.9934639748257311,0.0,0.2620648183490472,0.7528155155157933,0.5094339622641509,0.0,0.8679245283018868,0.0,,,,
c6120,hist_gradient_boosting,NL,55,55,1.0,-1.8553434758790148,3.1735787140788445,9.449524329725985,2.5239140138725036,0.3875663649303079,2.8,2.61883784617702,0.7028625231319063,0.2,0.0,0.6,0.0,,,,
c6120,hist_gradient_boosting,PT,53,53,1.0,0.4222334322052877,2.3235387655807833,5.0226218970875784,1.5520012387860782,0.8235345440777697,3.0,2.6833584552918137,0.879383801829143,0.2830188679245283,0.0,0.7924528301886793,0.0,,,,
c6120,history3,AT,56,56,1.0,0.18660714285714283,2.688392857142857,4.537290923951365,0.8437500000000003,0.8800000000000001,2.5500000000000003,3.0,0.6918533049305507,0.19642857142857142,0.125,0.6785714285714286,0.6785714285714286,,,,
c6120,history3,BE,51,51,1.0,-0.12450980392156852,4.689215686274511,13.997396466598252,2.5990196078431387,0.903954802259887,2.0,2.0,0.7058149373263629,0.21568627450980393,0.2549019607843137,0.6666666666666666,0.6666666666666666,,,,
c6120,history3,DE,55,55,1.0,-0.3781818181818183,2.0090909090909093,3.8345202378583756,0.770909090909091,0.9842519685039375,3.0,3.0,0.6849530086070162,0.09090909090909091,0.16363636363636364,0.5636363636363636,0.6181818181818182,,,,
c6120,history3,EL,57,57,1.0,-1.370175438596491,4.282456140350877,6.651407976524627,1.9070175438596495,0.9523809523809523,5.0,5.0,0.6532435494980777,0.22807017543859648,0.17543859649122806,0.8421052631578947,0.8421052631578947,,,,
c6120,history3,ES,53,53,1.0,0.29245283018867924,2.616981132075472,4.142667994566732,1.1490566037735848,1.1764705882352942,3.0,2.5,0.6194534297526595,0.18867924528301888,0.22641509433962265,0.7547169811320755,0.8113207547169812,,,,
c6120,history3,FI,56,56,1.0,0.10089285714285712,2.679464285714286,6.858991101362607,1.4562500000000016,0.8333333333333334,0.0,0.0,0.6532020059417043,0.375,0.42857142857142855,0.7142857142857143,0.75,,,,
c6120,history3,FR,54,54,1.0,0.7203703703703702,3.157407407407407,7.013571499969554,1.3351851851851853,1.0,2.5,2.0,0.3527104727084246,0.2777777777777778,0.35185185185185186,0.7592592592592593,0.8333333333333334,,,,
c6120,history3,IE,52,52,1.0,1.3173076923076923,3.3288461538461536,8.79513633077527,1.7788461538461533,1.263157894736842,0.0,2.5,0.6913671639090093,0.40384615384615385,0.34615384615384615,0.7884615384615384,0.7692307692307693,,,,
c6120,history3,IT,53,53,1.0,0.6122641509433964,2.510377358490566,7.448378954954143,1.1292452830188677,1.0165289256198347,0.0,0.0,0.8010095549381526,0.5094339622641509,0.5094339622641509,0.8679245283018868,0.8301886792452831,,,,
c6120,history3,NL,55,55,1.0,-0.7463636363636365,2.1063636363636364,4.711499471795287,0.928181818181818,0.6367713004484306,2.8,3.0,0.6549345133066319,0.2,0.12727272727272726,0.6,0.6,,,,
c6120,history3,PT,53,53,1.0,0.4830188679245283,2.139622641509434,3.7987584863657555,0.7886792452830187,1.0050000000000001,3.0,2.3,0.8488576639656761,0.2830188679245283,0.32075471698113206,0.7924528301886793,0.7924528301886793,,,,
c6120,last_observation,AT,56,56,1.0,0.5196428571428574,4.176785714285715,7.3145525202454165,1.283928571428571,0.85,2.5500000000000003,3.0,0.5174517242639047,0.19642857142857142,0.125,0.6785714285714286,0.6785714285714286,,,,
c6120,last_observation,BE,51,51,1.0,-1.0098039215686276,4.409803921568627,12.201663338876962,1.5784313725490207,1.1299435028248588,2.0,2.0,0.5636100155990048,0.21568627450980393,0.23529411764705882,0.6666666666666666,0.803921568627451,,,,
c6120,last_observation,DE,55,55,1.0,-0.9036363636363636,2.329090909090909,4.5296397609121595,1.2672727272727276,0.6299212598425197,3.0,2.5,0.44160699956914184,0.09090909090909091,0.14545454545454545,0.5636363636363636,0.509090909090909,,,,
c6120,last_observation,EL,57,57,1.0,1.287719298245614,6.2105263157894735,9.756095710312191,2.326315789473685,0.9523809523809523,5.0,5.1,0.4804445197428122,0.22807017543859648,0.19298245614035087,0.8421052631578947,0.8070175438596491,,,,
c6120,last_observation,ES,53,53,1.0,0.5490566037735849,2.854716981132076,4.523919656294061,1.4924528301886788,1.2352941176470593,3.0,3.0,0.5393089963324333,0.18867924528301888,0.18867924528301888,0.7547169811320755,0.8301886792452831,,,,
c6120,last_observation,FI,56,56,1.0,0.05357142857142857,3.439285714285714,7.931785063005318,1.8392857142857146,1.5625,0.0,0.0,0.5575958715160512,0.375,0.39285714285714285,0.7142857142857143,0.7321428571428571,,,,
c6120,last_observation,FR,54,54,1.0,0.6981481481481482,3.346296296296296,7.036873779782653,1.2277777777777779,1.0,2.5,2.0,0.2184355650862186,0.2777777777777778,0.3148148148148148,0.7592592592592593,0.7962962962962963,,,,
c6120,last_observation,IE,52,52,1.0,0.5192307692307693,3.146153846153846,6.176288404983891,1.7115384615384617,1.0526315789473684,0.0,1.7500000000000007,0.71812582789207,0.40384615384615385,0.36538461538461536,0.7884615384615384,0.7884615384615384,,,,
c6120,last_observation,IT,53,53,1.0,1.1000000000000003,3.145283018867924,8.05018457540653,1.1603773584905657,0.9917355371900826,0.0,0.2,0.7450750648298499,0.5094339622641509,0.4528301886792453,0.8679245283018868,0.8113207547169812,,,,
c6120,last_observation,NL,55,55,1.0,0.22909090909090912,3.1999999999999993,6.284902544988268,0.6800000000000002,0.7668161434977578,2.8,3.0,0.4879496004523579,0.2,0.12727272727272726,0.6,0.5636363636363636,,,,
c6120,last_observation,PT,53,53,1.0,0.3660377358490566,2.2377358490566035,3.495549731376783,0.8226415094339621,0.705,3.0,2.3,0.7908695811027912,0.2830188679245283,0.18867924528301888,0.7924528301886793,0.7547169811320755,,,,
c7010,conditional_donor,AT,60,60,1.0,0.016666666666666666,,,,,,,,,,,,0.9166666666666666,0.00032341273718470567,0.8541666666666667,
c7010,conditional_donor,BE,60,60,1.0,0.016666666666666666,,,,,,,,,,,,0.9166666666666666,0.0002227234324235413,0.9029304029304028,
c7010,conditional_donor,DE,60,60,1.0,0.03333333333333333,,,,,,,,,,,,0.9666666666666667,0.0022357751853117245,0.8571428571428572,
c7010,conditional_donor,EL,60,60,1.0,-0.15,,,,,,,,,,,,0.85,0.016520964575410014,0.881578947368421,
c7010,conditional_donor,ES,60,60,1.0,0.05,,,,,,,,,,,,0.9166666666666666,0.0033951083052739302,0.8079777365491652,
c7010,conditional_donor,FI,60,60,1.0,-0.03333333333333333,,,,,,,,,,,,0.9333333333333333,0.0009263132197681205,0.9365079365079365,
c7010,conditional_donor,FR,60,60,1.0,-0.03333333333333333,,,,,,,,,,,,0.9333333333333333,0.0010692797461987454,0.9316770186335404,
c7010,conditional_donor,IE,60,60,1.0,0.016666666666666666,,,,,,,,,,,,0.95,0.00026148759168069025,0.9261363636363636,
c7010,conditional_donor,IT,60,60,1.0,0.05,,,,,,,,,,,,0.9166666666666666,0.0033951083052739302,0.8079777365491652,
c7010,conditional_donor,NL,60,60,1.0,0.06666666666666667,,,,,,,,,,,,0.8666666666666667,0.005028410320834702,0.7639751552795031,
c7010,conditional_donor,PT,60,60,1.0,0.03333333333333333,,,,,,,,,,,,0.8333333333333334,0.0011815350111008527,0.7422360248447204,
c7010,country_previous,AT,60,60,1.0,0.2,,,,,,,,,,,,0.8,0.10803154614560004,0.5,
c7010,country_previous,BE,60,60,1.0,0.35,,,,,,,,,,,,0.65,0.20198180736881208,0.5,
c7010,country_previous,DE,60,60,1.0,0.11666666666666667,,,,,,,,,,,,0.8833333333333333,0.06094164229537048,0.5,
c7010,country_previous,EL,60,60,1.0,-0.6333333333333333,,,,,,,,,,,,0.36666666666666664,0.42668055806540656,0.5,
c7010,country_previous,ES,60,60,1.0,0.18333333333333332,,,,,,,,,,,,0.8166666666666667,0.09835105581226118,0.5,
c7010,country_previous,FI,60,60,1.0,0.3,,,,,,,,,,,,0.7,0.16919485510105411,0.5,
c7010,country_previous,FR,60,60,1.0,0.23333333333333334,,,,,,,,,,,,0.7666666666666667,0.127814312761955,0.5,
c7010,country_previous,IE,60,60,1.0,0.26666666666666666,,,,,,,,,,,,0.7333333333333333,0.14818913558232166,0.5,
c7010,country_previous,IT,60,60,1.0,0.18333333333333332,,,,,,,,,,,,0.8166666666666667,0.09835105581226118,0.5,
c7010,country_previous,NL,60,60,1.0,0.23333333333333334,,,,,,,,,,,,0.7666666666666667,0.127814312761955,0.5,
c7010,country_previous,PT,60,60,1.0,0.23333333333333334,,,,,,,,,,,,0.7666666666666667,0.127814312761955,0.5,
c7010,deepseek_demo,AT,60,60,1.0,-0.08333333333333333,,,,,,,,,,,,0.75,0.006860347332786754,0.6875,
c7010,deepseek_demo,BE,60,60,1.0,0.13333333333333333,,,,,,,,,,,,0.7,0.015901993931440362,0.6263736263736264,
c7010,deepseek_demo,DE,60,60,1.0,-0.05,,,,,,,,,,,,0.8166666666666667,0.003724469856128086,0.6482479784366577,
c7010,deepseek_demo,EL,60,60,1.0,0.08333333333333333,,,,,,,,,,,,0.65,0.005720475875337301,0.5992822966507177,
c7010,deepseek_demo,ES,60,60,1.0,-0.05,,,,,,,,,,,,0.7166666666666667,0.002738845985636272,0.5797773654916512,
c7010,deepseek_demo,FI,60,60,1.0,0.1,,,,,,,,,,,,0.7,0.00966862740010538,0.5952380952380952,
c7010,deepseek_demo,FR,60,60,1.0,0.11666666666666667,,,,,,,,,,,,0.75,0.017275968062054396,0.5636645962732919,
c7010,deepseek_demo,IE,60,60,1.0,-0.06666666666666667,,,,,,,,,,,,0.5,0.0038226112328642536,0.4005681818181818,
c7010,deepseek_demo,IT,60,60,1.0,-0.016666666666666666,,,,,,,,,,,,0.75,0.00032341273718470567,0.6001855287569573,
c7010,deepseek_demo,NL,60,60,1.0,0.05,,,,,,,,,,,,0.8166666666666667,0.002738845985636272,0.7065217391304348,
c7010,deepseek_demo,PT,60,60,1.0,0.03333333333333333,,,,,,,,,,,,0.7333333333333333,0.0011815350111008527,0.6024844720496895,
c7010,deepseek_history,AT,60,60,1.0,0.05,,,,,,,,,,,,0.9166666666666666,0.0031316352546762573,0.8229166666666666,
c7010,deepseek_history,BE,60,60,1.0,0.016666666666666666,,,,,,,,,,,,0.9166666666666666,0.0002227234324235413,0.9029304029304028,
c7010,deepseek_history,DE,60,60,1.0,0.0,,,,,,,,,,,,0.9333333333333333,0.0,0.8382749326145553,
c7010,deepseek_history,EL,60,60,1.0,-0.016666666666666666,,,,,,,,,,,,0.85,0.0002137459702733221,0.8433014354066986,
c7010,deepseek_history,ES,60,60,1.0,0.05,,,,,,,,,,,,0.9166666666666666,0.0033951083052739302,0.8079777365491652,
c7010,deepseek_history,FI,60,60,1.0,-0.016666666666666666,,,,,,,,,,,,0.95,0.00023491164477674082,0.9484126984126984,
c7010,deepseek_history,FR,60,60,1.0,0.016666666666666666,,,,,,,,,,,,0.9166666666666666,0.00028732717209695136,0.8711180124223603,
c7010,deepseek_history,IE,60,60,1.0,-0.016666666666666666,,,,,,,,,,,,0.9166666666666666,0.0002512824651560828,0.9034090909090908,
c7010,deepseek_history,IT,60,60,1.0,0.03333333333333333,,,,,,,,,,,,0.9333333333333333,0.001444722874690431,0.8534322820037106,
c7010,deepseek_history,NL,60,60,1.0,0.05,,,,,,,,,,,,0.85,0.002738845985636272,0.7531055900621118,
c7010,deepseek_history,PT,60,60,1.0,0.05,,,,,,,,,,,,0.9166666666666666,0.002738845985636272,0.8462732919254659,
c7010,deepseek_history1,AT,60,60,1.0,0.016666666666666666,,,,,,,,,,,,0.85,0.00032341273718470567,0.75,
c7010,deepseek_history1,BE,60,60,1.0,0.1,,,,,,,,,,,,0.8,0.00861780931338076,0.7472527472527473,
c7010,deepseek_history1,DE,60,60,1.0,0.05,,,,,,,,,,,,0.9166666666666666,0.005477541464861425,0.7048517520215634,
c7010,deepseek_history1,EL,60,60,1.0,0.03333333333333333,,,,,,,,,,,,0.8,0.000881016551293631,0.7751196172248804,
c7010,deepseek_history1,ES,60,60,1.0,0.05,,,,,,,,,,,,0.8166666666666667,0.0033951083052739302,0.6410018552875696,
c7010,deepseek_history1,FI,60,60,1.0,0.05,,,,,,,,,,,,0.8166666666666667,0.0022636664497030375,0.7579365079365079,
c7010,deepseek_history1,FR,60,60,1.0,0.08333333333333333,,,,,,,,,,,,0.9166666666666666,0.008136380495778806,0.8214285714285714,
c7010,deepseek_history1,IE,60,60,1.0,0.016666666666666666,,,,,,,,,,,,0.6833333333333333,0.00026148759168069025,0.5852272727272727,
c7010,deepseek_history1,IT,60,60,1.0,0.08333333333333333,,,,,,,,,,,,0.9166666666666666,0.010431730722353654,0.7727272727272727,
c7010,deepseek_history1,NL,60,60,1.0,0.03333333333333333,,,,,,,,,,,,0.8666666666666667,0.0011815350111008527,0.7888198757763976,
c7010,deepseek_history1,PT,60,60,1.0,0.06666666666666667,,,,,,,,,,,,0.8333333333333334,0.005028410320834702,0.7173913043478262,
c7010,deepseek_history_repeat,AT,12,12,1.0,0.25,,,,,,,,,,,,0.75,0.13792538097002996,0.5,
c7010,deepseek_history_repeat,BE,12,12,1.0,0.08333333333333333,,,,,,,,,,,,0.9166666666666666,0.0076345930897069045,0.8333333333333333,
c7010,deepseek_history_repeat,DE,12,12,1.0,0.0,,,,,,,,,,,,1.0,0.0,1.0,
c7010,deepseek_history_repeat,EL,12,12,1.0,0.0,,,,,,,,,,,,0.8333333333333334,0.0,0.8125,
c7010,deepseek_history_repeat,ES,12,12,1.0,0.08333333333333333,,,,,,,,,,,,0.9166666666666666,0.04297386768136875,0.5,
c7010,deepseek_history_repeat,FI,12,12,1.0,0.0,,,,,,,,,,,,1.0,0.0,1.0,
c7010,deepseek_history_repeat,FR,12,12,1.0,-0.08333333333333333,,,,,,,,,,,,0.9166666666666666,0.005351707572143803,0.9375,
c7010,deepseek_history_repeat,IE,12,12,1.0,0.08333333333333333,,,,,,,,,,,,0.9166666666666666,0.0060774899785535,0.875,
c7010,deepseek_history_repeat,IT,12,12,1.0,0.08333333333333333,,,,,,,,,,,,0.9166666666666666,0.04297386768136875,0.5,
c7010,deepseek_history_repeat,NL,12,12,1.0,0.08333333333333333,,,,,,,,,,,,0.75,0.0060774899785535,0.6875,
c7010,deepseek_history_repeat,PT,12,12,1.0,0.08333333333333333,,,,,,,,,,,,0.9166666666666666,0.011644807223602434,0.75,
c7010,deepseek_matched_history,AT,60,60,1.0,0.06666666666666667,,,,,,,,,,,,0.7666666666666667,0.005803620928220367,0.5729166666666667,
c7010,deepseek_matched_history,BE,60,60,1.0,0.03333333333333333,,,,,,,,,,,,0.6,0.0009019664355642974,0.5494505494505495,
c7010,deepseek_matched_history,DE,60,60,1.0,0.0,,,,,,,,,,,,0.7666666666666667,0.0,0.4339622641509434,
c7010,deepseek_matched_history,EL,60,60,1.0,-0.06666666666666667,,,,,,,,,,,,0.5666666666666667,0.0033425854716227746,0.5526315789473684,
c7010,deepseek_matched_history,ES,60,60,1.0,0.05,,,,,,,,,,,,0.7166666666666667,0.0033951083052739302,0.474025974025974,
c7010,deepseek_matched_history,FI,60,60,1.0,-0.016666666666666666,,,,,,,,,,,,0.65,0.00023491164477674082,0.5912698412698413,
c7010,deepseek_matched_history,FR,60,60,1.0,0.016666666666666666,,,,,,,,,,,,0.6166666666666667,0.00028732717209695136,0.4518633540372671,
c7010,deepseek_matched_history,IE,60,60,1.0,0.016666666666666666,,,,,,,,,,,,0.7166666666666667,0.00026148759168069025,0.6278409090909092,
c7010,deepseek_matched_history,IT,60,60,1.0,0.03333333333333333,,,,,,,,,,,,0.7333333333333333,0.001444722874690431,0.5194805194805194,
c7010,deepseek_matched_history,NL,60,60,1.0,0.05,,,,,,,,,,,,0.75,0.002738845985636272,0.6133540372670807,
c7010,deepseek_matched_history,PT,60,60,1.0,0.06666666666666667,,,,,,,,,,,,0.7333333333333333,0.005028410320834702,0.577639751552795,
c7010,deepseek_reversed_history,AT,60,60,1.0,0.03333333333333333,,,,,,,,,,,,0.8333333333333334,0.0013398345630690968,0.7083333333333333,
c7010,deepseek_reversed_history,BE,60,60,1.0,0.016666666666666666,,,,,,,,,,,,0.8833333333333333,0.0002227234324235413,0.8663003663003663,
c7010,deepseek_reversed_history,DE,60,60,1.0,0.016666666666666666,,,,,,,,,,,,0.9833333333333333,0.0005190398887509324,0.9285714285714286,
c7010,deepseek_reversed_history,EL,60,60,1.0,-0.06666666666666667,,,,,,,,,,,,0.9,0.0033425854716227746,0.9114832535885168,
c7010,deepseek_reversed_history,ES,60,60,1.0,0.0,,,,,,,,,,,,0.9333333333333333,0.0,0.888682745825603,
c7010,deepseek_reversed_history,FI,60,60,1.0,-0.016666666666666666,,,,,,,,,,,,0.9166666666666666,0.00023491164477674082,0.9087301587301587,
c7010,deepseek_reversed_history,FR,60,60,1.0,-0.03333333333333333,,,,,,,,,,,,0.9333333333333333,0.0010692797461987454,0.9316770186335404,
c7010,deepseek_reversed_history,IE,60,60,1.0,-0.016666666666666666,,,,,,,,,,,,0.95,0.0002512824651560828,0.9460227272727273,
c7010,deepseek_reversed_history,IT,60,60,1.0,0.03333333333333333,,,,,,,,,,,,0.9,0.001444722874690431,0.797773654916512,
c7010,deepseek_reversed_history,NL,60,60,1.0,0.08333333333333333,,,,,,,,,,,,0.8833333333333333,0.008136380495778806,0.7748447204968945,
c7010,deepseek_reversed_history,PT,60,60,1.0,0.05,,,,,,,,,,,,0.8833333333333333,0.002738845985636272,0.7996894409937889,
c7010,deepseek_shuffled_history,AT,60,60,1.0,0.06666666666666667,,,,,,,,,,,,0.7333333333333333,0.005803620928220367,0.5208333333333334,
c7010,deepseek_shuffled_history,BE,60,60,1.0,0.05,,,,,,,,,,,,0.55,0.0020566452280742675,0.489010989010989,
c7010,deepseek_shuffled_history,DE,60,60,1.0,0.016666666666666666,,,,,,,,,,,,0.7833333333333333,0.0005190398887509324,0.44339622641509435,
c7010,deepseek_shuffled_history,EL,60,60,1.0,-0.016666666666666666,,,,,,,,,,,,0.6833333333333333,0.0002137459702733221,0.6638755980861244,
c7010,deepseek_shuffled_history,ES,60,60,1.0,0.06666666666666667,,,,,,,,,,,,0.7666666666666667,0.006331365048784038,0.5398886827458256,
c7010,deepseek_shuffled_history,FI,60,60,1.0,-0.016666666666666666,,,,,,,,,,,,0.5166666666666667,0.00023491164477674082,0.43253968253968256,
c7010,deepseek_shuffled_history,FR,60,60,1.0,0.05,,,,,,,,,,,,0.7166666666666667,0.002738845985636272,0.5667701863354038,
c7010,deepseek_shuffled_history,IE,60,60,1.0,0.016666666666666666,,,,,,,,,,,,0.5166666666666667,0.00026148759168069025,0.3721590909090909,
c7010,deepseek_shuffled_history,IT,60,60,1.0,0.03333333333333333,,,,,,,,,,,,0.7,0.001444722874690431,0.463821892393321,
c7010,deepseek_shuffled_history,NL,60,60,1.0,0.05,,,,,,,,,,,,0.6166666666666667,0.002738845985636272,0.42701863354037267,
c7010,deepseek_shuffled_history,PT,60,60,1.0,0.03333333333333333,,,,,,,,,,,,0.7,0.0011815350111008527,0.5559006211180124,
c7010,hist_gradient_boosting,AT,60,60,1.0,0.03333333333333333,,,,,,,,,,,,0.9333333333333333,0.0013398345630690968,0.8645833333333333,
c7010,hist_gradient_boosting,BE,60,60,1.0,0.03333333333333333,,,,,,,,,,,,0.9333333333333333,0.0009019664355642974,0.9157509157509157,
c7010,hist_gradient_boosting,DE,60,60,1.0,0.0,,,,,,,,,,,,0.9666666666666667,0.0,0.9191374663072776,
c7010,hist_gradient_boosting,EL,60,60,1.0,-0.13333333333333333,,,,,,,,,,,,0.8666666666666667,0.013098652575233521,0.8947368421052632,
c7010,hist_gradient_boosting,ES,60,60,1.0,0.05,,,,,,,,,,,,0.9166666666666666,0.0033951083052739302,0.8079777365491652,
c7010,hist_gradient_boosting,FI,60,60,1.0,-0.05,,,,,,,,,,,,0.95,0.0020566452280742675,0.9642857142857143,
c7010,hist_gradient_boosting,FR,60,60,1.0,-0.03333333333333333,,,,,,,,,,,,0.9333333333333333,0.0010692797461987454,0.9316770186335404,
c7010,hist_gradient_boosting,IE,60,60,1.0,0.016666666666666666,,,,,,,,,,,,0.95,0.00026148759168069025,0.9261363636363636,
c7010,hist_gradient_boosting,IT,60,60,1.0,0.016666666666666666,,,,,,,,,,,,0.9166666666666666,0.0003470778169168488,0.8432282003710575,
c7010,hist_gradient_boosting,NL,60,60,1.0,0.03333333333333333,,,,,,,,,,,,0.9,0.0011815350111008527,0.8354037267080745,
c7010,hist_gradient_boosting,PT,60,60,1.0,0.016666666666666666,,,,,,,,,,,,0.9166666666666666,0.00028732717209695136,0.8711180124223603,
c7010,history3,AT,60,60,1.0,0.03333333333333333,,,,,,,,,,,,0.9333333333333333,0.0013398345630690968,0.8645833333333333,
c7010,history3,BE,60,60,1.0,0.03333333333333333,,,,,,,,,,,,0.9333333333333333,0.0009019664355642974,0.9157509157509157,
c7010,history3,DE,60,60,1.0,0.0,,,,,,,,,,,,0.9666666666666667,0.0,0.9191374663072776,
c7010,history3,EL,60,60,1.0,-0.11666666666666667,,,,,,,,,,,,0.8833333333333333,0.010069963694413177,0.9078947368421053,
c7010,history3,ES,60,60,1.0,0.03333333333333333,,,,,,,,,,,,0.9333333333333333,0.001444722874690431,0.8534322820037106,
c7010,history3,FI,60,60,1.0,-0.05,,,,,,,,,,,,0.95,0.0020566452280742675,0.9642857142857143,
c7010,history3,FR,60,60,1.0,-0.05,,,,,,,,,,,,0.95,0.0023559221906042007,0.9673913043478262,
c7010,history3,IE,60,60,1.0,0.0,,,,,,,,,,,,0.9666666666666667,0.0,0.9573863636363636,
c7010,history3,IT,60,60,1.0,0.0,,,,,,,,,,,,0.9333333333333333,0.0,0.888682745825603,
c7010,history3,NL,60,60,1.0,0.03333333333333333,,,,,,,,,,,,0.9,0.0011815350111008527,0.8354037267080745,
c7010,history3,PT,60,60,1.0,0.016666666666666666,,,,,,,,,,,,0.9166666666666666,0.00028732717209695136,0.8711180124223603,
c7010,last_observation,AT,60,60,1.0,0.03333333333333333,,,,,,,,,,,,0.9,0.0013398345630690968,0.8125,
c7010,last_observation,BE,60,60,1.0,0.03333333333333333,,,,,,,,,,,,0.9,0.0009019664355642974,0.8791208791208791,
c7010,last_observation,DE,60,60,1.0,0.0,,,,,,,,,,,,0.9333333333333333,0.0,0.8382749326145553,
c7010,last_observation,EL,60,60,1.0,-0.08333333333333333,,,,,,,,,,,,0.9166666666666666,0.005190681430348114,0.9342105263157895,
c7010,last_observation,ES,60,60,1.0,0.05,,,,,,,,,,,,0.9166666666666666,0.0033951083052739302,0.8079777365491652,
c7010,last_observation,FI,60,60,1.0,-0.05,,,,,,,,,,,,0.95,0.0020566452280742675,0.9642857142857143,
c7010,last_observation,FR,60,60,1.0,0.0,,,,,,,,,,,,0.9333333333333333,0.0,0.9068322981366459,
c7010,last_observation,IE,60,60,1.0,-0.03333333333333333,,,,,,,,,,,,0.9,0.0009872291318223383,0.8920454545454546,
c7010,last_observation,IT,60,60,1.0,0.016666666666666666,,,,,,,,,,,,0.9166666666666666,0.0003470778169168488,0.8432282003710575,
c7010,last_observation,NL,60,60,1.0,0.016666666666666666,,,,,,,,,,,,0.8833333333333333,0.00028732717209695136,0.8245341614906833,
c7010,last_observation,PT,60,60,1.0,0.0,,,,,,,,,,,,0.9,0.0,0.860248447204969,
