target,method,scope,weighted,n,n_truth,response_coverage,bias,mae,rmse,wasserstein,iqr_ratio,real_median,synthetic_median,spearman,real_zero,synthetic_zero,real_integer,synthetic_integer,accuracy,jsd,balanced_accuracy,ordinal_mae
c1120,conditional_donor,pooled,False,660,660,1.0,-1.0196969696969698,3.7303030303030305,7.642135985720381,1.2357575757575763,1.0606060606060606,3.0,2.5,0.463560926328087,0.11363636363636363,0.12878787878787878,0.6530303030303031,0.6424242424242425,,,,
c1120,conditional_donor,73,False,220,220,1.0,-0.29318181818181827,3.0213636363636365,6.39528590589833,0.5504545454545452,1.0,3.0,2.4499999999999993,0.5837293349958264,0.13636363636363635,0.12727272727272726,0.65,0.65,,,,
c1120,conditional_donor,75,False,220,220,1.0,-1.8045454545454545,4.081818181818182,7.916961079055064,2.1145454545454534,0.8,3.5,2.5,0.43776400522874537,0.08636363636363636,0.14545454545454545,0.6590909090909091,0.6454545454545455,,,,
c1120,conditional_donor,78,False,220,220,1.0,-0.9613636363636363,4.087727272727273,8.463378328260692,1.3831818181818185,0.9855072463768115,3.1,3.0,0.3820805550661117,0.11818181818181818,0.11363636363636363,0.65,0.6318181818181818,,,,
c1120,conditional_donor,seen,False,517,517,1.0,-0.888394584139265,3.6914893617021276,7.555382878774197,1.2373307543520307,1.0852713178294577,3.0,2.5,0.4368277666928498,0.10638297872340426,0.1218568665377176,0.6402321083172147,0.6344294003868471,,,,
c1120,conditional_donor,unseen,False,143,143,1.0,-1.4944055944055945,3.870629370629371,7.947885323712284,1.4944055944055936,0.8633879781420765,3.0,3.0,0.5392320106241082,0.13986013986013987,0.15384615384615385,0.6993006993006993,0.6713286713286714,,,,
c1120,conditional_donor,pooled,True,660,660,1.0,-1.057843250755165,3.5494585393565647,7.364876740179551,1.405899160538857,0.8103254458696965,3.0,2.3,0.463560926328087,0.07790215495705902,0.13245817934608767,0.6493783601413546,0.6721866931138291,,,,
c1120,conditional_donor,73,True,220,220,1.0,0.1350554655165662,2.4854690360232414,5.02929846074379,0.5384680356352015,0.8333333333333334,2.1450320168940413,2.2,0.5837293349958264,0.11857478776943706,0.11129012199057137,0.6508700731656022,0.6701712972339093,,,,
c1120,conditional_donor,75,True,220,220,1.0,-2.383042023626382,4.149591036993155,7.6963472601100875,2.680479670110989,0.575,3.0660710859852585,2.0,0.43776400522874537,0.045862381208930304,0.15910732582318518,0.6457887214760247,0.6550068190473807,,,,
c1120,conditional_donor,78,True,220,220,1.0,-1.0855512309284332,4.148545535839368,9.040460297280127,1.7744978603036095,1.0666666666666667,3.0,3.0,0.3820805550661117,0.06398284508537266,0.12985676075837127,0.6512513308019533,0.6914024285801833,,,,
c1120,conditional_donor,seen,True,517,517,1.0,-0.8942018926466411,3.347460988260997,6.58347740683525,1.3604996494359276,0.7352941176470589,3.0,2.0,0.4368277666928498,0.07551727797194079,0.13959159117965378,0.6303011615647587,0.6643516275281575,,,,
c1120,conditional_donor,unseen,True,143,143,1.0,-1.627839838252444,4.2530576547520935,9.602379427344761,1.7168739054429656,0.7669280680755414,3.0,3.0,0.5392320106241082,0.08620917317562368,0.1076110352662341,0.715828175844156,0.6994778418690747,,,,
c1120,country_previous,pooled,False,660,660,1.0,-1.5504545454545453,4.06,8.486269659118353,2.9719696969696967,0.43939393939393945,3.0,3.0,0.15807470189316178,0.11363636363636363,0.0,0.6530303030303031,0.5757575757575758,,,,
c1120,country_previous,73,False,220,220,1.0,-0.9040909090909092,3.1586363636363637,6.4206803661011165,2.271363636363635,0.42857142857142855,3.0,3.0,0.26665543368638617,0.13636363636363635,0.0,0.65,0.6363636363636364,,,,
c1120,country_previous,75,False,220,220,1.0,-2.5372727272727276,4.415,8.664404716477012,3.7609090909090894,0.21250000000000013,3.5,2.5,0.17243102725935616,0.08636363636363636,0.0,0.6590909090909091,0.45454545454545453,,,,
c1120,country_previous,78,False,220,220,1.0,-1.21,4.606363636363636,9.987656017668646,3.248181818181817,0.5797101449275363,3.1,3.4,0.08156060655968282,0.11818181818181818,0.0,0.65,0.6363636363636364,,,,
c1120,country_previous,seen,False,517,517,1.0,-1.3518375241779494,3.8837524177949714,8.104022092839944,2.826112185686654,0.4496124031007754,3.0,3.0,0.14775169441486924,0.10638297872340426,0.0,0.6402321083172147,0.574468085106383,,,,
c1120,country_previous,unseen,False,143,143,1.0,-2.2685314685314686,4.697202797202798,9.743925846859206,3.5034965034965024,0.32786885245901637,3.0,3.0,0.18080888469491704,0.13986013986013987,0.0,0.6993006993006993,0.5804195804195804,,,,
c1120,country_previous,pooled,True,660,660,1.0,-1.8641865492372784,3.907264168844099,8.330094391368933,3.2369456805201584,0.15625,3.0,3.0,0.15807470189316178,0.07790215495705902,0.0,0.6493783601413546,0.6413081627821791,,,,
c1120,country_previous,73,True,220,220,1.0,-0.5896865387752221,2.5824344923361364,5.027939836137156,2.1538815440696766,0.16666666666666666,2.1450320168940413,2.514094757469217,0.26665543368638617,0.11857478776943706,0.0,0.6508700731656022,0.6115862327743651,,,,
c1120,country_previous,75,True,220,220,1.0,-3.4267926179993937,4.882702241913796,9.248262246785483,4.4704232127510615,0.17500000000000004,3.0660710859852585,2.5,0.17243102725935616,0.045862381208930304,0.0,0.6457887214760247,0.5795374881043815,,,,
c1120,country_previous,78,True,220,220,1.0,-1.7489223698850371,4.427973870198249,10.141731301484404,3.5585948570337704,0.16666666666666666,3.0,3.0,0.08156060655968282,0.06398284508537266,0.0,0.6512513308019533,0.7355678059637493,,,,
c1120,country_previous,seen,True,517,517,1.0,-1.3763491329031132,3.5558184815904306,7.208915504997754,2.916471342167358,0.14705882352941177,3.0,3.0,0.14775169441486924,0.07551727797194079,0.0,0.6303011615647587,0.6249940931468938,,,,
c1120,country_previous,unseen,True,143,143,1.0,-3.5634248455826056,5.131421953530637,11.405039436942662,4.354534085439067,0.13788888508096192,3.0,3.0,0.18080888469491704,0.08620917317562368,0.0,0.715828175844156,0.6981334307204877,,,,
c1120,deepseek_demo,pooled,False,660,660,1.0,-2.146212121212121,4.0622727272727275,8.664716855259506,3.653787878787879,0.15151515151515152,3.0,3.0,0.10513868538723518,0.11363636363636363,0.0,0.6530303030303031,0.7106060606060606,,,,
c1120,deepseek_demo,73,False,220,220,1.0,-1.326818181818182,3.225909090909091,6.654516579669098,2.83590909090909,0.14285714285714285,3.0,3.0,0.1468144828817813,0.13636363636363635,0.0,0.65,0.7636363636363637,,,,
c1120,deepseek_demo,75,False,220,220,1.0,-2.7359090909090913,4.515909090909091,8.783178654264484,4.156818181818181,0.125,3.5,3.0,0.11263955532300013,0.08636363636363636,0.0,0.6590909090909091,0.6727272727272727,,,,
c1120,deepseek_demo,78,False,220,220,1.0,-2.375909090909091,4.445,10.188480571882952,3.9686363636363637,0.14492753623188406,3.1,3.0,0.06398544625374161,0.11818181818181818,0.0,0.65,0.6954545454545454,,,,
c1120,deepseek_demo,seen,False,517,517,1.0,-1.9083172147001934,3.868085106382979,8.181712872737277,3.4793036750483557,0.1550387596899225,3.0,3.0,0.1244623248439851,0.10638297872340426,0.0,0.6402321083172147,0.7156673114119922,,,,
c1120,deepseek_demo,unseen,False,143,143,1.0,-3.006293706293706,4.764335664335664,10.222294981329519,4.284615384615384,0.1092896174863388,3.0,3.0,0.03142107997917135,0.13986013986013987,0.0,0.6993006993006993,0.6923076923076923,,,,
c1120,deepseek_demo,pooled,True,660,660,1.0,-2.0988394638649166,3.891174908659037,8.477027550178487,3.4288005106713864,0.15625,3.0,3.0,0.10513868538723518,0.07790215495705899,0.0,0.6493783601413544,0.6744814108690148,,,,
c1120,deepseek_demo,73,True,220,220,1.0,-0.6108603515074018,2.6514410989691575,5.16337611709586,2.2433098499766695,0.16666666666666666,2.1450320168940413,3.0,0.1468144828817813,0.11857478776943706,0.0,0.6508700731656023,0.7804137408964991,,,,
c1120,deepseek_demo,75,True,220,220,1.0,-3.2711339663063392,4.845447234040153,9.316830404405177,4.451759114078104,0.125,3.054918534279225,3.0,0.11263955532300013,0.0458623812089303,0.0,0.6457887214760247,0.614514566683649,,,,
c1120,deepseek_demo,78,True,220,220,1.0,-2.6079269182579456,4.337484303566498,10.379073895806656,3.8842409938117486,0.16666666666666666,3.0,3.0,0.06398544625374161,0.06398284508537269,0.0,0.6512513308019534,0.6150494425811546,,,,
c1120,deepseek_demo,seen,True,517,517,1.0,-1.5799353746095723,3.5458622374126225,7.268893587932094,3.0686180391715645,0.14705882352941177,3.0,3.0,0.1244623248439851,0.0755172779719408,0.0,0.6303011615647587,0.686025449782816,,,,
c1120,deepseek_demo,unseen,True,143,143,1.0,-3.9062893868714137,5.093970134175892,11.752517230082645,4.7029632370306755,0.09876408064763231,3.0,2.5,0.03142107997917135,0.08620917317562368,0.0,0.7158281758441558,0.6342711433494875,,,,
c1120,deepseek_history,pooled,False,660,660,1.0,-0.283030303030303,2.7139393939393943,5.758066805216255,1.0466666666666669,0.9090909090909092,3.0,3.0,0.6410475379620749,0.11363636363636363,0.031818181818181815,0.6530303030303031,0.7257575757575757,,,,
c1120,deepseek_history,73,False,220,220,1.0,0.18727272727272729,1.8663636363636364,3.888970417615813,0.7309090909090905,0.8571428571428571,3.0,3.0,0.7712979006185494,0.13636363636363635,0.031818181818181815,0.65,0.7181818181818181,,,,
c1120,deepseek_history,75,False,220,220,1.0,-1.3359090909090907,3.060454545454545,5.63236184917127,1.9113636363636355,0.75,3.5,3.0,0.5579478363013067,0.08636363636363636,0.03636363636363636,0.6590909090909091,0.7363636363636363,,,,
c1120,deepseek_history,78,False,220,220,1.0,0.2995454545454545,3.215,7.253854774594615,1.6613636363636355,1.0144927536231882,3.1,4.0,0.6575423221986086,0.11818181818181818,0.02727272727272727,0.65,0.7227272727272728,,,,
c1120,deepseek_history,seen,False,517,517,1.0,-0.3704061895551257,2.6206963249516444,5.5019268648634005,1.149129593810446,0.9302325581395351,3.0,3.0,0.6288876645127799,0.10638297872340426,0.03481624758220503,0.6402321083172147,0.7214700193423598,,,,
c1120,deepseek_history,unseen,False,143,143,1.0,0.03286713286713284,3.051048951048951,6.6017109458524015,1.2006993006993003,0.8743169398907104,3.0,3.5,0.6741508021325021,0.13986013986013987,0.02097902097902098,0.6993006993006993,0.7412587412587412,,,,
c1120,deepseek_history,pooled,True,660,660,1.0,-0.4045715566323836,2.6445980061989145,6.020113834960227,1.1644550687076975,0.9375,3.0,3.0,0.6410475379620749,0.07790215495705902,0.027580481236857992,0.6493783601413544,0.7030198620098934,,,,
c1120,deepseek_history,73,True,220,220,1.0,0.2996479099827893,1.5431330166516495,3.303160123753854,0.7419171611569725,0.8401207049578389,2.2,2.766183426561023,0.7712979006185494,0.11857478776943706,0.03935715561273124,0.6508700731656023,0.6772389120094506,,,,
c1120,deepseek_history,75,True,220,220,1.0,-1.912989047051628,3.2181729647665134,6.35308658528763,2.51096022996289,0.625,3.041695650155668,2.5,0.5579478363013067,0.04586238120893032,0.01887885428162987,0.6457887214760247,0.7146875469864667,,,,
c1120,deepseek_history,78,True,220,220,1.0,0.2958239526791227,3.3118673459339263,7.780834769294364,2.024233537968948,1.1666666666666667,3.0,4.0,0.6575423221986086,0.06398284508537269,0.02298215733580553,0.6512513308019534,0.7203728332704675,,,,
c1120,deepseek_history,seen,True,517,517,1.0,-0.3469423973198969,2.488973820399857,5.466951323189301,1.1630009536999701,0.8823529411764706,3.0,3.0,0.6288876645127799,0.07551727797194081,0.034033039051721115,0.6303011615647587,0.6943505184853309,,,,
c1120,deepseek_history,unseen,True,143,143,1.0,-0.6053057996632313,3.1866691296778447,7.640340785982371,1.6015206724630515,0.9850865328564726,3.0,3.5,0.6741508021325021,0.08620917317562367,0.005104892072768146,0.7158281758441558,0.7332169728256387,,,,
c1120,deepseek_history1,pooled,False,660,660,1.0,-0.1733333333333333,2.923636363636364,6.268898699858765,1.1906060606060602,0.9090909090909092,3.0,3.0,0.6024218442234144,0.11363636363636363,0.0,0.6530303030303031,0.7212121212121212,,,,
c1120,deepseek_history1,73,False,220,220,1.0,0.1277272727272727,2.2986363636363634,5.97062125593461,0.8659090909090901,0.8571428571428571,3.0,3.0,0.7140027852846492,0.13636363636363635,0.0,0.65,0.7272727272727273,,,,
c1120,deepseek_history1,75,False,220,220,1.0,-0.988181818181818,3.308181818181818,5.683780751961113,1.991818181818182,0.75,3.5,3.0,0.5136743622869846,0.08636363636363636,0.0,0.6590909090909091,0.7227272727272728,,,,
c1120,deepseek_history1,78,False,220,220,1.0,0.34045454545454557,3.164090909090909,7.06707796115841,1.3404545454545447,0.8695652173913043,3.1,3.5,0.6229951325558262,0.11818181818181818,0.0,0.65,0.7136363636363636,,,,
c1120,deepseek_history1,seen,False,517,517,1.0,-0.244100580270793,2.779883945841392,6.105066545434043,1.2951644100580264,0.9302325581395351,3.0,3.0,0.5920346628811641,0.10638297872340426,0.0,0.6402321083172147,0.7156673114119922,,,,
c1120,deepseek_history1,unseen,False,143,143,1.0,0.0825174825174826,3.4433566433566436,6.828498488569182,1.2741258741258732,0.7650273224043715,3.0,3.2,0.6402205145754517,0.13986013986013987,0.0,0.6993006993006993,0.7412587412587412,,,,
c1120,deepseek_history1,pooled,True,660,660,1.0,-0.32699923457328667,2.835587039233707,6.320308367085962,1.2079835537487065,0.9375,3.0,3.0,0.6024218442234144,0.07790215495705902,0.0,0.6493783601413546,0.6867013146959393,,,,
c1120,deepseek_history1,73,True,220,220,1.0,0.3877980217361387,1.8036695716715831,4.282565884179657,0.8868425223353464,0.6666666666666666,2.2,3.0,0.7140027852846492,0.11857478776943706,0.0,0.6508700731656022,0.6553841984421467,,,,
c1120,deepseek_history1,75,True,220,220,1.0,-1.5994573711555082,3.5265545926769515,6.782760108779726,2.4227615734359516,0.5,3.0731948632537835,2.5,0.5136743622869846,0.04586238120893032,0.0,0.6457887214760248,0.65803213582828,,,,
c1120,deepseek_history1,78,True,220,220,1.0,0.12862765196123657,3.309092250063332,7.62626386159333,1.5767862349716806,1.042623082060535,3.0,4.0,0.6229951325558262,0.06398284508537268,0.0,0.6512513308019534,0.750071741063635,,,,
c1120,deepseek_history1,seen,True,517,517,1.0,-0.23171191573907843,2.6744661771709244,5.78958821831985,1.196475982372867,0.6096509507847888,3.0,3.0,0.5920346628811641,0.0755172779719408,0.0,0.6303011615647586,0.6799663691248604,,,,
c1120,deepseek_history1,unseen,True,143,143,1.0,-0.6589046110322397,3.3968042193642973,7.895108983451636,1.6499357380344286,0.7228349624114866,3.0,3.5,0.6402205145754517,0.08620917317562368,0.0,0.7158281758441559,0.7101605186335465,,,,
c1120,deepseek_history_repeat,pooled,False,132,132,1.0,0.5901515151515152,2.202272727272727,4.068085321354284,0.7613636363636365,0.8360655737704918,3.0,3.0,0.5816925011353286,0.10606060606060606,0.015151515151515152,0.6212121212121212,0.7651515151515151,,,,
c1120,deepseek_history_repeat,73,False,44,44,1.0,0.5522727272727272,1.0431818181818182,1.7721968903544036,0.5522727272727272,1.0487804878048783,2.6,3.0,0.6294370185997269,0.09090909090909091,0.022727272727272728,0.5681818181818182,0.7045454545454546,,,,
c1120,deepseek_history_repeat,75,False,44,44,1.0,-0.9159090909090911,2.684090909090909,3.7891291875574793,1.6795454545454547,0.5102040816326531,3.8000000000000003,3.0,0.6845734125496032,0.11363636363636363,0.0,0.7045454545454546,0.8409090909090909,,,,
c1120,deepseek_history_repeat,78,False,44,44,1.0,2.1340909090909093,2.8795454545454544,5.67007695955467,2.134090909090909,0.8032786885245902,2.85,4.0,0.5085838902968611,0.11363636363636363,0.022727272727272728,0.5909090909090909,0.75,,,,
c1120,deepseek_history_repeat,seen,False,99,99,1.0,0.6131313131313131,2.2272727272727275,4.330057036505863,0.6252525252525253,0.9009009009009004,3.0,3.0,0.5666304561336561,0.09090909090909091,0.020202020202020204,0.6060606060606061,0.7878787878787878,,,,
c1120,deepseek_history_repeat,unseen,False,33,33,1.0,0.5212121212121212,2.1272727272727274,3.1542179552293006,1.3818181818181814,0.6467065868263474,2.5,3.0,0.5980973101269961,0.15151515151515152,0.0,0.6666666666666666,0.696969696969697,,,,
c1120,deepseek_history_repeat,pooled,True,132,132,1.0,0.5150678760277839,2.309003938963105,4.412564038766386,0.8264995911647844,1.25,3.2,3.980352728821091,0.5816925011353286,0.027658117437673314,0.0019912241817732785,0.5825479718758594,0.7477354243199277,,,,
c1120,deepseek_history_repeat,73,True,44,44,1.0,0.5111080297843646,0.8230948573820447,1.5739995240109697,0.5130815839255665,0.9403739208183132,3.06171931498112,3.5953124289734406,0.6294370185997269,0.02928744227568884,0.0028416073840946596,0.5633778730605191,0.6924396550904238,,,,
c1120,deepseek_history_repeat,75,True,44,44,1.0,-1.9523973350158372,2.7078193403185775,3.851375291289154,2.1637764192121294,0.5700825327535687,4.0,3.0,0.6845734125496032,0.02502547697053206,0.0,0.647713843029501,0.788292106049432,,,,
c1120,deepseek_history_repeat,78,True,44,44,1.0,3.000990241820363,3.6606188091114027,6.646662853025914,3.0009902418203627,1.220992758336683,3.0,4.123242506949808,0.5085838902968611,0.02838364699278951,0.0029905304340073014,0.5396295034084119,0.7721745725100865,,,,
c1120,deepseek_history_repeat,seen,True,99,99,1.0,0.6099508728041214,2.278918747631538,4.6930681290672505,0.7327116972138934,1.388888888888889,3.5,3.835750688767742,0.5666304561336561,0.02720531830434135,0.002698855363985481,0.5928304707321865,0.8067552732516672,,,,
c1120,deepseek_history_repeat,unseen,True,33,33,1.0,0.24807382267146558,2.393661543091591,3.5047789679077703,1.4802635094948093,0.6257850287802288,2.9167121867642325,4.0,0.5980973101269961,0.02893226222727673,0.0,0.5536137461288164,0.5816577367453238,,,,
c1120,deepseek_matched_history,pooled,False,660,660,1.0,-0.2865151515151515,5.365909090909091,9.886689092518345,1.037424242424242,0.9090909090909092,3.0,3.0,0.12059273595847671,0.11363636363636363,0.02878787878787879,0.6530303030303031,0.7227272727272728,,,,
c1120,deepseek_matched_history,73,False,220,220,1.0,0.19636363636363638,4.619090909090909,8.480651775981286,0.5863636363636362,0.8571428571428571,3.0,3.0,0.16526946361800263,0.13636363636363635,0.05,0.65,0.7363636363636363,,,,
c1120,deepseek_matched_history,75,False,220,220,1.0,-1.4018181818181816,5.45,9.538052974556942,1.9972727272727262,0.75,3.5,3.0,0.05579767313283677,0.08636363636363636,0.02727272727272727,0.6590909090909091,0.7090909090909091,,,,
c1120,deepseek_matched_history,78,False,220,220,1.0,0.34590909090909083,6.028636363636364,11.416827691852696,1.6386363636363632,1.0,3.1,4.0,0.1664779924449409,0.11818181818181818,0.00909090909090909,0.65,0.7227272727272728,,,,
c1120,deepseek_matched_history,seen,False,517,517,1.0,-0.19284332688588,5.132495164410058,9.639324478526547,1.0025145067698262,0.9302325581395351,3.0,3.0,0.13795966740798934,0.10638297872340426,0.02321083172147002,0.6402321083172147,0.7137330754352031,,,,
c1120,deepseek_matched_history,unseen,False,143,143,1.0,-0.6251748251748251,6.20979020979021,10.733549781367342,1.2237762237762229,0.7650273224043715,3.0,3.0,0.07359427644898693,0.13986013986013987,0.04895104895104895,0.6993006993006993,0.7552447552447552,,,,
c1120,deepseek_matched_history,pooled,True,660,660,1.0,-0.7285729252098708,4.73895659844192,8.831633337706393,1.3833025897053983,0.9375,3.0,3.0,0.12059273595847671,0.077902154957059,0.026562140342565654,0.6493783601413546,0.6992631572756591,,,,
c1120,deepseek_matched_history,73,True,220,220,1.0,0.0460214681360607,3.3122843513177047,6.06058821424766,0.7737957840981129,0.7606483612598396,2.2,2.7,0.16526946361800263,0.11857478776943704,0.05097873461572491,0.6508700731656024,0.6749285678861675,,,,
c1120,deepseek_matched_history,75,True,220,220,1.0,-2.367986100441675,5.557287245408037,9.66069902967659,2.91242139278571,0.375,3.0410161544588736,2.1581285776709653,0.05579767313283677,0.04586238120893031,0.02059769804629599,0.6457887214760248,0.7056856338279799,,,,
c1120,deepseek_matched_history,78,True,220,220,1.0,0.02232409062154624,5.528799507079271,10.443950237707016,1.7681703447242996,0.8333333333333334,3.0,4.0,0.1664779924449409,0.06398284508537268,0.0051071710353558205,0.6512513308019534,0.7201741536825014,,,,
c1120,deepseek_matched_history,seen,True,517,517,1.0,-0.4228327259376094,4.345116101521829,8.147712443951185,1.275276867852017,0.8823529411764706,3.0,3.0,0.13795966740798934,0.07551727797194083,0.02430204835588496,0.6303011615647588,0.6785997259013306,,,,
c1120,deepseek_matched_history,unseen,True,143,143,1.0,-1.7935290723615847,6.11078424554449,10.883316645870591,1.9101162624564205,0.5926755867655841,3.0,3.0,0.07359427644898693,0.08620917317562368,0.03443450668520873,0.7158281758441559,0.7712381488394705,,,,
c1120,deepseek_reversed_history,pooled,False,660,660,1.0,-0.12242424242424246,2.8563636363636364,5.914089494204036,0.9866666666666662,0.9090909090909092,3.0,3.0,0.6417979209452616,0.11363636363636363,0.02878787878787879,0.6530303030303031,0.7287878787878788,,,,
c1120,deepseek_reversed_history,73,False,220,220,1.0,0.3104545454545454,2.0795454545454546,4.323166978879341,0.7677272727272723,0.8571428571428571,3.0,3.0,0.7063188423867698,0.13636363636363635,0.04090909090909091,0.65,0.75,,,,
c1120,deepseek_reversed_history,75,False,220,220,1.0,-1.379090909090909,3.05,5.556822178842214,1.9790909090909083,0.6875,3.5,3.0,0.5946331432562684,0.08636363636363636,0.022727272727272728,0.6590909090909091,0.7318181818181818,,,,
c1120,deepseek_reversed_history,78,False,220,220,1.0,0.7013636363636364,3.439545454545455,7.440518676934974,2.1177272727272722,1.3043478260869565,3.1,4.0,0.6711350387111555,0.11818181818181818,0.022727272727272728,0.65,0.7045454545454546,,,,
c1120,deepseek_reversed_history,seen,False,517,517,1.0,-0.09303675048355901,2.7591876208897483,5.489418341962602,0.9491295938104455,0.9302325581395351,3.0,3.0,0.6330175517512303,0.10638297872340426,0.030947775628626693,0.6402321083172147,0.723404255319149,,,,
c1120,deepseek_reversed_history,unseen,False,143,143,1.0,-0.22867132867132858,3.2076923076923074,7.2446411349924835,1.4888111888111881,0.7650273224043715,3.0,3.8,0.6672119975210912,0.13986013986013987,0.02097902097902098,0.6993006993006993,0.7482517482517482,,,,
c1120,deepseek_reversed_history,pooled,True,660,660,1.0,-0.05387153206928282,2.9700175162024016,6.487810119309746,1.0528644198849315,0.9375,3.0,3.0,0.6417979209452616,0.077902154957059,0.0279007652378515,0.6493783601413544,0.7068670189039381,,,,
c1120,deepseek_reversed_history,73,True,220,220,1.0,0.6866299786614898,1.943374790260155,4.180720607689867,0.8979341353241221,1.0,2.1457725771443337,3.0,0.7063188423867698,0.11857478776943704,0.03438147104998383,0.6508700731656022,0.6921095238262537,,,,
c1120,deepseek_reversed_history,75,True,220,220,1.0,-1.9635882534279299,3.352921163820364,6.733737979811564,2.5247564315357023,0.6703751489870307,3.040988094406376,3.0,0.5946331432562684,0.04586238120893032,0.02518029233037303,0.6457887214760248,0.7049702709549467,,,,
c1120,deepseek_reversed_history,78,True,220,220,1.0,1.0020295108052928,3.7417158218029396,8.151372027396198,2.574730747873782,1.7425648246479313,3.0,4.0,0.6711350387111555,0.06398284508537269,0.02332888302869436,0.6512513308019534,0.7252653859587695,,,,
c1120,deepseek_reversed_history,seen,True,517,517,1.0,0.10052052896622514,2.6943927520891227,5.538618696578427,0.8690929186755354,0.8823529411764706,3.0,3.0,0.6330175517512303,0.07551727797194081,0.03212518726530276,0.6303011615647587,0.7145672631524206,,,,
c1120,deepseek_reversed_history,unseen,True,143,143,1.0,-0.5916509109751301,3.930075393931103,9.047309703094324,2.0563781926861733,1.04396340967269,3.0,4.0,0.6672119975210912,0.08620917317562368,0.013186232386084998,0.7158281758441558,0.6800454806616335,,,,
c1120,deepseek_shuffled_history,pooled,False,660,660,1.0,-0.32984848484848484,5.413181818181818,9.923506681031904,1.0898484848484848,0.9090909090909092,3.0,3.0,0.10382636083942992,0.11363636363636363,0.02878787878787879,0.6530303030303031,0.7106060606060606,,,,
c1120,deepseek_shuffled_history,73,False,220,220,1.0,0.18318181818181817,4.793181818181818,8.39981330961371,0.8086363636363629,0.8571428571428571,3.0,3.0,0.06821616449257019,0.13636363636363635,0.022727272727272728,0.65,0.7,,,,
c1120,deepseek_shuffled_history,75,False,220,220,1.0,-1.3604545454545456,5.486818181818181,9.69635592281029,2.0068181818181814,0.75,3.5,3.0,0.0486307358622116,0.08636363636363636,0.031818181818181815,0.6590909090909091,0.6909090909090909,,,,
c1120,deepseek_shuffled_history,78,False,220,220,1.0,0.18772727272727277,5.959545454545454,11.439045971027161,1.587727272727272,1.0144927536231882,3.1,3.749999999999997,0.21078908734602483,0.11818181818181818,0.031818181818181815,0.65,0.740909090909091,,,,
c1120,deepseek_shuffled_history,seen,False,517,517,1.0,-0.16692456479690523,5.22147001934236,9.625774354039972,1.0152804642166346,0.9302325581395351,3.0,3.0,0.11122016325324999,0.10638297872340426,0.029013539651837523,0.6402321083172147,0.7040618955512572,,,,
c1120,deepseek_shuffled_history,unseen,False,143,143,1.0,-0.9188811188811191,6.106293706293707,10.93248191579391,1.483916083916083,0.6557377049180327,3.0,3.0,0.0890983442335524,0.13986013986013987,0.027972027972027972,0.6993006993006993,0.7342657342657343,,,,
c1120,deepseek_shuffled_history,pooled,True,660,660,1.0,-0.6725519511605182,4.963594294349991,8.947137945456165,1.3791476398602684,0.9375,3.0,3.0,0.10382636083942992,0.077902154957059,0.02615465858992165,0.6493783601413546,0.6750541202616597,,,,
c1120,deepseek_shuffled_history,73,True,220,220,1.0,0.1670841401002096,3.770992499520135,6.203303590658442,0.8177119831778203,0.8192439486216214,2.2,3.0,0.06821616449257019,0.11857478776943706,0.04950324491556592,0.6508700731656022,0.6709735017342564,,,,
c1120,deepseek_shuffled_history,75,True,220,220,1.0,-2.1973033775800093,5.795972953486229,10.017249625292193,2.8093045338482634,0.5,3.0423640465350115,2.5,0.0486307358622116,0.04586238120893031,0.006636445616333651,0.6457887214760248,0.622311599095223,,,,
c1120,deepseek_shuffled_history,78,True,220,220,1.0,-0.10767755722676052,5.477448625062819,10.32329683924674,1.8037469908732502,0.8333333333333334,3.0,4.0,0.21078908734602483,0.06398284508537269,0.019275057103134364,0.6512513308019535,0.7316876257535448,,,,
c1120,deepseek_shuffled_history,seen,True,517,517,1.0,-0.3212770964463798,4.691324703716099,8.219868382493434,1.285056661542197,0.8823529411764706,3.0,3.0,0.11122016325324999,0.07551727797194083,0.03132114592690199,0.6303011615647589,0.6743366347759617,,,,
c1120,deepseek_shuffled_history,unseen,True,143,143,1.0,-1.8961146908920956,5.911965411128907,11.114821179985352,2.121818916662953,0.5882980947868246,3.0,2.5,0.0890983442335524,0.08620917317562371,0.008158718043683262,0.7158281758441558,0.6775532701291129,,,,
c1120,hist_gradient_boosting,pooled,False,660,660,1.0,-0.7596979931218718,2.540253047014453,5.553280776684637,1.272854192618405,0.9389767930839603,3.0,2.882996491048583,0.7224514966275684,0.11363636363636363,0.0,0.6530303030303031,0.0,,,,
c1120,hist_gradient_boosting,73,False,220,220,1.0,-0.24623558226734096,1.6928115168885143,3.4679315907561814,0.660095820053155,0.9379451304344103,3.0,2.738959693622691,0.8381619781914672,0.13636363636363635,0.0,0.65,0.0,,,,
c1120,hist_gradient_boosting,75,False,220,220,1.0,-1.771837249895019,3.076089291943605,5.822018236394715,2.242650342340546,0.6649105638310597,3.5,2.465601037970685,0.6451117716141103,0.08636363636363636,0.0,0.6590909090909091,0.0,,,,
c1120,hist_gradient_boosting,78,False,220,220,1.0,-0.26102114720325525,2.8518583322112416,6.826004416275166,1.5500458025272867,0.9787456279310189,3.1,3.3711785459268904,0.7218908776178556,0.11818181818181818,0.0,0.65,0.0,,,,
c1120,hist_gradient_boosting,seen,False,517,517,1.0,-0.7452603225632559,2.4464760845046234,5.246188573251335,1.3376547486514985,0.8980595280545177,3.0,2.785628490643883,0.7025005813462023,0.10638297872340426,0.0,0.6402321083172147,0.0,,,,
c1120,hist_gradient_boosting,unseen,False,143,143,1.0,-0.8118957251414832,2.8792928345499926,6.544395132268659,1.170582646483664,0.9482907402939964,3.0,3.0301402905708503,0.7775604892852315,0.13986013986013987,0.0,0.6993006993006993,0.0,,,,
c1120,hist_gradient_boosting,pooled,True,660,660,1.0,-0.6868075195766241,2.645845932964336,6.060265800115965,1.2716212449943425,0.8583667663430725,3.0,2.717351140596463,0.7224514966275684,0.07790215495705902,0.0,0.6493783601413546,0.0,,,,
c1120,hist_gradient_boosting,73,True,220,220,1.0,0.04867471315910451,1.4969943187902661,3.2209640104744093,0.6188775766218441,0.9531590609762001,2.1450320168940413,2.525625853868125,0.8381619781914672,0.11857478776943706,0.0,0.6508700731656022,0.0,,,,
c1120,hist_gradient_boosting,75,True,220,220,1.0,-2.29784959930236,3.340229187684174,6.829464092167619,2.77820525341224,0.5420624900523068,3.0660710859852585,2.3130900289976326,0.6451117716141103,0.045862381208930304,0.0,0.6457887214760247,0.0,,,,
c1120,hist_gradient_boosting,78,True,220,220,1.0,0.07988280009902105,3.2469268632760504,7.51331393949179,1.9732300868402597,1.1631975924506759,3.0,3.682755303788201,0.7218908776178556,0.06398284508537266,0.0,0.6512513308019533,0.0,,,,
c1120,hist_gradient_boosting,seen,True,517,517,1.0,-0.5162090950618039,2.444689921399325,5.351498638927114,1.2061843406962671,0.7594007575149156,3.0,2.6099601694758756,0.7025005813462023,0.07551727797194079,0.0,0.6303011615647587,0.0,,,,
c1120,hist_gradient_boosting,unseen,True,143,143,1.0,-1.2810370036742305,3.346513792678505,8.056052499015308,1.8211740444604043,0.8462081430912538,3.0,3.505875410995686,0.7775604892852315,0.08620917317562368,0.0,0.715828175844156,0.0,,,,
c1120,history3,pooled,False,660,660,1.0,-0.3616666666666667,2.4956060606060606,5.446251143231601,0.688030303030303,0.9848484848484846,3.0,3.0,0.7114026791704708,0.11363636363636363,0.10303030303030303,0.6530303030303031,0.6318181818181818,,,,
c1120,history3,73,False,220,220,1.0,0.023181818181818158,1.6186363636363637,3.464042567447881,0.4259090909090905,1.0,3.0,2.9,0.8306049500597239,0.13636363636363635,0.11818181818181818,0.65,0.6227272727272727,,,,
c1120,history3,75,False,220,220,1.0,-1.5859090909090907,2.9613636363636364,5.599581964916505,1.8995454545454538,0.8875,3.5,2.4499999999999993,0.6343265616000081,0.08636363636363636,0.10909090909090909,0.6590909090909091,0.6454545454545455,,,,
c1120,history3,78,False,220,220,1.0,0.4777272727272727,2.9068181818181817,6.755001514029841,1.8577272727272724,1.3188405797101448,3.1,4.0,0.7196456388659906,0.11818181818181818,0.08181818181818182,0.65,0.6272727272727273,,,,
c1120,history3,seen,False,517,517,1.0,-0.31373307543520307,2.4216634429400385,5.051889356815029,0.6823984526112193,0.9612403100775196,3.0,3.0,0.6977216364081118,0.10638297872340426,0.09864603481624758,0.6402321083172147,0.6228239845261122,,,,
c1120,history3,unseen,False,143,143,1.0,-0.534965034965035,2.7629370629370626,6.680537434935936,1.1405594405594397,1.0491803278688523,3.0,3.2,0.7513427857373812,0.13986013986013987,0.11888111888111888,0.6993006993006993,0.6643356643356644,,,,
c1120,history3,pooled,True,660,660,1.0,-0.39537897069807226,2.694187780998893,6.113215129806759,0.9277766815735374,1.0,3.0,3.0,0.7114026791704708,0.07790215495705902,0.07260931372247094,0.6493783601413546,0.6196954365248568,,,,
c1120,history3,73,True,220,220,1.0,0.2717410299813161,1.6448931031651675,3.736604465764867,0.595027393228708,1.1666666666666667,2.1450320168940413,2.5,0.8306049500597239,0.11857478776943706,0.10308499593994068,0.6508700731656022,0.5888477833677224,,,,
c1120,history3,75,True,220,220,1.0,-2.1416183620773324,3.2620179426412896,6.598036159696055,2.5302139486772277,0.575,3.0660710859852585,2.1,0.6343265616000081,0.045862381208930304,0.07620533515349551,0.6457887214760247,0.6283057067719353,,,,
c1120,history3,78,True,220,220,1.0,0.5813237618065837,3.308705624737346,7.583043221182204,2.386304552378002,1.3803772718683438,3.0,5.0,0.7196456388659906,0.06398284508537266,0.03493169225226351,0.6512513308019533,0.6457403759311439,,,,
c1120,history3,seen,True,517,517,1.0,-0.24311875829882826,2.504212122135084,5.304723014124332,0.7642797947869372,0.9411764705882354,3.0,2.5,0.6977216364081118,0.07551727797194079,0.07500233378446135,0.6303011615647587,0.6037158914938362,,,,
c1120,history3,unseen,True,143,143,1.0,-0.9257326812901346,3.3559121672515744,8.338223159929969,1.9642453031869476,1.0653222659724741,3.0,4.0,0.7513427857373812,0.08620917317562368,0.0642739314883386,0.715828175844156,0.6753554862990735,,,,
c1120,last_observation,pooled,False,660,660,1.0,-0.2721212121212121,2.6824242424242426,5.956977065389438,0.453030303030304,1.0606060606060606,3.0,3.0,0.6815421525750819,0.11363636363636363,0.12121212121212122,0.6530303030303031,0.6348484848484849,,,,
c1120,last_observation,73,False,220,220,1.0,0.0018181818181818117,1.9027272727272728,4.440526176848047,0.5490909090909086,1.1428571428571428,3.0,2.9,0.7924994859062913,0.13636363636363635,0.1409090909090909,0.65,0.6409090909090909,,,,
c1120,last_observation,75,False,220,220,1.0,-1.1986363636363635,3.103181818181818,5.69031473805991,1.4504545454545452,0.9125,3.5,2.2499999999999996,0.5891223715256172,0.08636363636363636,0.11363636363636363,0.6590909090909091,0.6272727272727273,,,,
c1120,last_observation,78,False,220,220,1.0,0.3804545454545454,3.0413636363636365,7.372840207631841,1.1368181818181808,1.1594202898550725,3.1,3.5,0.6910064006307496,0.11818181818181818,0.10909090909090909,0.65,0.6363636363636364,,,,
c1120,last_observation,seen,False,517,517,1.0,-0.33056092843326884,2.5034816247582206,5.531794858093614,0.5108317214700192,1.0852713178294577,3.0,2.9,0.666927709396909,0.10638297872340426,0.1218568665377176,0.6402321083172147,0.632495164410058,,,,
c1120,last_observation,unseen,False,143,143,1.0,-0.06083916083916081,3.3293706293706293,7.290136069792108,1.0146853146853139,1.2841530054644807,3.0,3.0,0.7159265057128266,0.13986013986013987,0.11888111888111888,0.6993006993006993,0.6433566433566433,,,,
c1120,last_observation,pooled,True,660,660,1.0,-0.4623556938768677,2.7840906251348505,6.427506307191413,0.7142393029153036,1.09375,3.0,2.8,0.6815421525750819,0.07790215495705902,0.1049527562349237,0.6493783601413546,0.5978586562725724,,,,
c1120,last_observation,73,True,220,220,1.0,-0.05110966531155819,1.6018521086206023,3.7863972875959058,0.5255528405576406,1.1089189567373776,2.1450320168940413,2.421856558159723,0.7924994859062913,0.11857478776943706,0.1481721944925792,0.6508700731656022,0.5897734188681564,,,,
c1120,last_observation,75,True,220,220,1.0,-1.6514560179977509,3.4068111267566836,6.817633253720036,2.008307827094553,0.75,3.0660710859852585,2.1,0.5891223715256172,0.045862381208930304,0.09223950006334501,0.6457887214760247,0.564119757820429,,,,
c1120,last_observation,78,True,220,220,1.0,0.25091460792828296,3.4933001734017526,8.149899765091035,1.6373082351146997,1.2666666666666666,3.0,3.9,0.6910064006307496,0.06398284508537266,0.06910359547611994,0.6512513308019533,0.6402175943406844,,,,
c1120,last_observation,seen,True,517,517,1.0,-0.40719981921780696,2.59213367028557,5.723112334259728,0.7022153013223025,1.061138906687572,3.0,2.5,0.666927709396909,0.07551727797194079,0.11633086094622648,0.6303011615647587,0.6007201774972672,,,,
c1120,last_observation,unseen,True,143,143,1.0,-0.6544749765538224,3.4527162737798403,8.433562756297839,1.4092203998440316,1.139014426132011,3.0,3.5,0.7159265057128266,0.08620917317562368,0.06532047175260912,0.715828175844156,0.5878913878999558,,,,
c1220,conditional_donor,pooled,False,660,660,1.0,-0.388030303030303,3.495606060606061,7.9958350900877635,0.7492424242424245,0.8947368421052633,2.5,2.5,0.5064670036848783,0.15303030303030302,0.13787878787878788,0.6590909090909091,0.6287878787878788,,,,
c1220,conditional_donor,73,False,220,220,1.0,-0.046818181818181835,3.1031818181818185,5.850365178967269,0.5077272727272724,0.9620253164556961,2.5,2.5,0.5566122072256636,0.14545454545454545,0.15,0.65,0.6227272727272727,,,,
c1220,conditional_donor,75,False,220,220,1.0,-0.4986363636363637,3.3113636363636365,8.244350682850541,0.5340909090909092,0.7999999999999999,2.5,2.3,0.5000178217846463,0.16363636363636364,0.16363636363636364,0.6954545454545454,0.6272727272727273,,,,
c1220,conditional_donor,78,False,220,220,1.0,-0.6186363636363634,4.072272727272727,9.465941340117498,1.9122727272727258,0.8125,2.5,2.5,0.4753072044245886,0.15,0.1,0.6318181818181818,0.6363636363636364,,,,
c1220,conditional_donor,seen,False,517,517,1.0,-0.3849129593810444,3.428239845261122,8.224692735878534,0.6777562862669236,0.7894736842105263,2.5,2.5,0.48067211389436393,0.15860735009671179,0.13152804642166344,0.6595744680851063,0.6092843326885881,,,,
c1220,conditional_donor,unseen,False,143,143,1.0,-0.39930069930069934,3.7391608391608395,7.107206034890055,1.1125874125874113,0.875,2.5,2.5,0.5895263773058739,0.13286713286713286,0.16083916083916083,0.6573426573426573,0.6993006993006993,,,,
c1220,conditional_donor,pooled,True,660,660,1.0,-0.4012202487594951,3.49969672693856,8.260629943351807,0.8759990474599395,0.7651967893623544,2.5,2.5,0.5064670036848783,0.15215351851237024,0.13539040701336413,0.6518240888950285,0.6522049013480288,,,,
c1220,conditional_donor,73,True,220,220,1.0,0.479430234468939,2.6452497166898916,4.87263978497285,0.6132496725868459,0.8708479472187168,2.2,2.4423481071179944,0.5566122072256636,0.16385155241623248,0.11893684131675576,0.5770689420011943,0.5668899025845564,,,,
c1220,conditional_donor,75,True,220,220,1.0,-0.4882485297954451,3.54171368864979,9.676459650117245,1.0815393912122875,1.0907779204345647,2.4,2.0,0.5000178217846463,0.19302629331266605,0.17809457029363832,0.7216259852362403,0.705667689375976,,,,
c1220,conditional_donor,78,True,220,220,1.0,-1.3014989348985473,4.415063876085064,9.643474995370926,1.694099932940846,1.0,2.935049595571295,2.5,0.4753072044245886,0.09870674571520144,0.11166108243757725,0.6666341160023403,0.69496913540511,,,,
c1220,conditional_donor,seen,True,517,517,1.0,-0.24374160887703675,3.2735719024260908,8.150280886028915,0.7788487604926237,0.7910507528495736,2.5,2.5,0.48067211389436393,0.1710053494268889,0.1338725999384622,0.6465730405500166,0.6124690787770716,,,,
c1220,conditional_donor,unseen,True,143,143,1.0,-0.9497508181353956,4.2873361098569704,8.633993543908618,1.6168893009826928,0.6695600485923052,2.5,2.5,0.5895263773058739,0.08648870483962405,0.14067724197472875,0.6701145728658041,0.7906129635190987,,,,
c1220,country_previous,pooled,False,660,660,1.0,-1.281060606060606,3.98469696969697,9.068080048035293,2.9692424242424247,0.13157894736842105,2.5,3.0,0.10677320554600432,0.15303030303030302,0.0,0.6590909090909091,0.6060606060606061,,,,
c1220,country_previous,73,False,220,220,1.0,-0.6563636363636363,3.253636363636364,5.603408053870592,2.4472727272727264,0.12658227848101264,2.5,3.0,0.21613536396157723,0.14545454545454545,0.0,0.65,0.7272727272727273,,,,
c1220,country_previous,75,False,220,220,1.0,-1.5459090909090911,3.606818181818182,8.795461122854013,2.8104545454545438,0.14285714285714285,2.5,2.5,0.11894378245877173,0.16363636363636364,0.0,0.6954545454545454,0.5454545454545454,,,,
c1220,country_previous,78,False,220,220,1.0,-1.6409090909090909,5.093636363636363,11.744441625335327,3.6609090909090884,0.25,2.5,3.0,0.0009131645614980848,0.15,0.0,0.6318181818181818,0.5454545454545454,,,,
c1220,country_previous,seen,False,517,517,1.0,-1.2183752417794973,3.78394584139265,9.047804482715506,2.808317214700193,0.13157894736842105,2.5,3.0,0.11972834376945182,0.15860735009671179,0.0,0.6595744680851063,0.6073500967117988,,,,
c1220,country_previous,unseen,False,143,143,1.0,-1.5076923076923077,4.71048951048951,9.141008804177028,3.5510489510489496,0.21874999999999956,2.5,3.0,0.06007847260545174,0.13286713286713286,0.0,0.6573426573426573,0.6013986013986014,,,,
c1220,country_previous,pooled,True,660,660,1.0,-1.7783844404365714,3.857736926594107,9.223285482055863,3.3820620181258647,0.13157894736842105,2.5,2.5,0.10677320554600432,0.15215351851237024,0.0,0.6518240888950285,0.5576847916968007,,,,
c1220,country_previous,73,True,220,220,1.0,-0.2823998298486315,2.691005204749405,4.6131122223027115,2.265619489468788,0.14514132453645281,2.2,2.5,0.21613536396157723,0.16385155241623248,0.0,0.5770689420011943,0.6384063561002934,,,,
c1220,country_previous,75,True,220,220,1.0,-2.425179489304955,4.167222181866844,10.528982554909323,3.709608521105274,0.1944029419488451,2.4,2.5,0.11894378245877173,0.19302629331266605,0.0,0.7216259852362403,0.5974504326560733,,,,
c1220,country_previous,78,True,220,220,1.0,-2.815174467740657,4.85878611240538,11.44739718023249,4.308966533293745,0.14285714285714285,2.935049595571295,2.5,0.0009131645614980848,0.09870674571520144,0.0,0.6666341160023403,0.4280356347840782,,,,
c1220,country_previous,seen,True,517,517,1.0,-1.4827949868292103,3.520882125007541,8.769642902895615,3.0599019305803226,0.1407965757159475,2.5,2.5,0.11972834376945182,0.1710053494268889,0.0,0.6465730405500166,0.5510746894507741,,,,
c1220,country_previous,unseen,True,143,143,1.0,-2.807983447703703,5.031071648364628,10.65364596389756,4.504212021348199,0.14549108527210544,2.5,2.5,0.06007847260545174,0.08648870483962405,0.0,0.6701145728658041,0.5807091405948626,,,,
c1220,deepseek_demo,pooled,False,660,660,1.0,-2.350151515151515,3.927121212121213,9.267542742542302,3.700151515151515,0.13157894736842105,2.5,2.0,0.03375317578465342,0.15303030303030302,0.0,0.6590909090909091,0.7439393939393939,,,,
c1220,deepseek_demo,73,False,220,220,1.0,-1.658181818181818,3.348181818181818,5.903735335284849,3.128181818181817,0.12658227848101264,2.5,2.0,0.013511526861511856,0.14545454545454545,0.0,0.65,0.75,,,,
c1220,deepseek_demo,75,False,220,220,1.0,-2.4622727272727274,3.625,8.998103335501524,3.4495454545454534,0.14285714285714285,2.5,2.0,0.1260426516439154,0.16363636363636364,0.0,0.6954545454545454,0.7454545454545455,,,,
c1220,deepseek_demo,78,False,220,220,1.0,-2.93,4.808181818181818,11.909747726509195,4.52272727272727,0.125,2.5,2.0,-0.024672319169438753,0.15,0.0,0.6318181818181818,0.7363636363636363,,,,
c1220,deepseek_demo,seen,False,517,517,1.0,-2.2574468085106383,3.724371373307543,9.207646515371392,3.51779497098646,0.13157894736842105,2.5,2.0,0.061032571268033256,0.15860735009671179,0.0,0.6595744680851063,0.7485493230174082,,,,
c1220,deepseek_demo,unseen,False,143,143,1.0,-2.6853146853146854,4.66013986013986,9.480934125291236,4.359440559440558,0.125,2.5,2.0,-0.051125775762260385,0.13286713286713286,0.0,0.6573426573426573,0.7272727272727273,,,,
c1220,deepseek_demo,pooled,True,660,660,1.0,-2.358220703992457,3.8509825151221495,9.383375437021751,3.6919749405319675,0.13157894736842105,2.5,2.0,0.03375317578465342,0.15215351851237024,0.0,0.6518240888950284,0.7558308031636086,,,,
c1220,deepseek_demo,73,True,220,220,1.0,-0.8479042704969801,2.7263398128823466,4.769166889769114,2.5285005471908653,0.14634058738977207,2.2,2.0,0.013511526861511856,0.16385155241623245,0.0,0.5770689420011945,0.7419927675595991,,,,
c1220,deepseek_demo,75,True,220,220,1.0,-2.945454647872781,4.137269771566633,10.725321678474598,3.9968360576030864,0.18518518518518517,2.4232978950892283,2.0,0.1260426516439154,0.19302629331266605,0.0,0.7216259852362403,0.7519308706816306,,,,
c1220,deepseek_demo,78,True,220,220,1.0,-3.4698547869534777,4.827798260014617,11.599086003922798,4.693941079475603,0.14285714285714285,2.970546274891301,2.0,-0.024672319169438753,0.09870674571520144,0.0,0.6666341160023405,0.7751769322095392,,,,
c1220,deepseek_demo,seen,True,517,517,1.0,-2.0614730643498045,3.510176018547532,8.907808189590998,3.351961275450039,0.1407478752505267,2.5,2.0,0.061032571268033256,0.1710053494268889,0.0,0.6465730405500166,0.7502280267306423,,,,
c1220,deepseek_demo,unseen,True,143,143,1.0,-3.391853911998534,5.038081805239302,10.878743389822139,4.876312635105581,0.09093192829506593,2.518945062414366,2.0,-0.051125775762260385,0.08648870483962408,0.0,0.6701145728658042,0.775346428578933,,,,
c1220,deepseek_history,pooled,False,660,660,1.0,-0.4660606060606061,2.5609090909090906,6.9168546889376525,1.166666666666667,0.7894736842105263,2.5,2.5,0.7210567023346249,0.15303030303030302,0.05606060606060606,0.6590909090909091,0.706060606060606,,,,
c1220,deepseek_history,73,False,220,220,1.0,0.03954545454545453,1.9004545454545456,3.838637305559925,0.80590909090909,0.531645569620253,2.5,2.5,0.7973447621516323,0.14545454545454545,0.06818181818181818,0.65,0.7181818181818181,,,,
c1220,deepseek_history,75,False,220,220,1.0,-0.7877272727272728,2.5795454545454546,7.540843333594605,1.2304545454545446,0.7571428571428572,2.5,2.5,0.6610159705932092,0.16363636363636364,0.05454545454545454,0.6954545454545454,0.6909090909090909,,,,
c1220,deepseek_history,78,False,220,220,1.0,-0.65,3.2027272727272726,8.48110734622442,1.733636363636362,0.75,2.5,2.6,0.7041840267962998,0.15,0.045454545454545456,0.6318181818181818,0.7090909090909091,,,,
c1220,deepseek_history,seen,False,517,517,1.0,-0.606769825918762,2.5290135396518374,7.2083942577822855,1.2423597678916813,0.6578947368421053,2.5,2.5,0.703493176776651,0.15860735009671179,0.058027079303675046,0.6595744680851063,0.7059961315280464,,,,
c1220,deepseek_history,unseen,False,143,143,1.0,0.04265734265734268,2.6762237762237757,5.740598882039706,0.9867132867132863,0.75,2.5,2.6,0.7772325658502409,0.13286713286713286,0.04895104895104895,0.6573426573426573,0.7062937062937062,,,,
c1220,deepseek_history,pooled,True,660,660,1.0,-0.6247104993699312,2.4926759220245462,7.098262750328227,1.3119154380493125,0.6738962806676764,2.5,2.5,0.7210567023346249,0.15215351851237027,0.06522723718285431,0.6518240888950285,0.7006055353579779,,,,
c1220,deepseek_history,73,True,220,220,1.0,0.24327622616642444,1.4680724005967314,2.911002629762742,0.7239058969569319,0.725706622682264,2.2,2.5,0.7973447621516323,0.16385155241623248,0.09411753766520335,0.5770689420011943,0.7064176819987982,,,,
c1220,deepseek_history,75,True,220,220,1.0,-1.3889960000381694,2.8297873920909713,8.997295705590101,1.9212806037132706,0.8075702382319487,2.417139874808242,2.5,0.6610159705932092,0.19302629331266608,0.04289752606898852,0.7216259852362404,0.6703799771714589,,,,
c1220,deepseek_history,78,True,220,220,1.0,-0.842265054885789,3.3072936023384747,8.194307541293846,1.7484244944290674,0.8571428571428571,2.9590103446289087,3.0,0.7041840267962998,0.09870674571520144,0.05491712736680134,0.6666341160023405,0.723933501477185,,,,
c1220,deepseek_history,seen,True,517,517,1.0,-0.6777194671475081,2.375792872682057,7.298205498923402,1.3296406428412455,0.5917190483666293,2.5,2.5,0.703493176776651,0.17100534942688891,0.06668301805889854,0.6465730405500167,0.7065659564759027,,,,
c1220,deepseek_history,unseen,True,143,143,1.0,-0.4400693359793524,2.8998036801388003,6.352875852756213,1.4288061669045071,0.5416233756026868,2.5,2.616646321257943,0.7772325658502409,0.08648870483962406,0.06015645225977448,0.6701145728658042,0.679844159770941,,,,
c1220,deepseek_history1,pooled,False,660,660,1.0,-0.5481818181818181,2.8354545454545454,7.233681739968348,1.28939393939394,0.5263157894736842,2.5,2.5,0.6516195346230943,0.15303030303030302,0.030303030303030304,0.6590909090909091,0.7181818181818181,,,,
c1220,deepseek_history1,73,False,220,220,1.0,-0.2554545454545455,2.3136363636363635,5.173472545768285,1.0909090909090904,0.5063291139240506,2.5,2.5,0.6830238077707428,0.14545454545454545,0.05,0.65,0.7818181818181819,,,,
c1220,deepseek_history1,75,False,220,220,1.0,-0.7368181818181817,2.8350000000000004,7.902154481819844,1.3413636363636359,0.5714285714285714,2.5,2.5,0.5817481330673472,0.16363636363636364,0.022727272727272728,0.6954545454545454,0.6954545454545454,,,,
c1220,deepseek_history1,78,False,220,220,1.0,-0.6522727272727272,3.357727272727273,8.23222879353404,1.584999999999998,0.5,2.5,2.6,0.6840745706705758,0.15,0.01818181818181818,0.6318181818181818,0.6772727272727272,,,,
c1220,deepseek_history1,seen,False,517,517,1.0,-0.8404255319148937,2.8400386847195356,7.682796224920696,1.4539651837524168,0.5263157894736842,2.5,2.5,0.6277461570374293,0.15860735009671179,0.03481624758220503,0.6595744680851063,0.7117988394584139,,,,
c1220,deepseek_history1,unseen,False,143,143,1.0,0.5083916083916085,2.818881118881119,5.301503942839622,1.2524475524475525,0.75,2.5,2.5,0.7328964414474978,0.13286713286713286,0.013986013986013986,0.6573426573426573,0.7412587412587412,,,,
c1220,deepseek_history1,pooled,True,660,660,1.0,-0.7062390047050167,2.693375235785864,7.174950124530263,1.3857959162203173,0.5263157894736842,2.5,2.5,0.6516195346230943,0.15215351851237024,0.04807943707441768,0.6518240888950285,0.6974466671130769,,,,
c1220,deepseek_history1,73,True,220,220,1.0,0.05069086310420893,1.8112408566461193,3.8087927198773492,0.8936274319969291,0.4354239736093584,2.2,2.1,0.6830238077707428,0.16385155241623248,0.0780669589520989,0.5770689420011943,0.748920881399352,,,,
c1220,deepseek_history1,75,True,220,220,1.0,-1.4238200544045923,3.073624552257364,9.332001103359444,2.0123180352367283,0.7407407407407407,2.4,2.3625816356484948,0.5817481330673472,0.19302629331266608,0.027857208622144077,0.7216259852362404,0.6428159705717699,,,,
c1220,deepseek_history1,78,True,220,220,1.0,-0.845531201503886,3.3058675714825245,7.598392133063242,1.623591866627753,0.5714285714285714,2.9831020929388434,3.0,0.6840745706705758,0.09870674571520144,0.03446025038601922,0.6666341160023405,0.6937315590890601,,,,
c1220,deepseek_history1,seen,True,517,517,1.0,-0.9127533126146231,2.6741483153834698,7.677498009043307,1.5209488441942705,0.5613517816663146,2.5,2.5,0.6277461570374293,0.1710053494268889,0.05132108575039037,0.6465730405500166,0.6986280023954125,,,,
c1220,deepseek_history1,unseen,True,143,143,1.0,0.013092905873320942,2.760346563475397,5.047873534689714,1.3528750149703284,0.5561816407263314,2.5,2.5,0.7328964414474978,0.08648870483962406,0.036788106419827694,0.6701145728658042,0.6933318327741016,,,,
c1220,deepseek_history_repeat,pooled,False,132,132,1.0,0.2545454545454545,1.6333333333333333,2.6903869272247474,0.706060606060606,0.689655172413793,2.5,2.8,0.7003206860200352,0.12878787878787878,0.05303030303030303,0.5984848484848485,0.7272727272727273,,,,
c1220,deepseek_history_repeat,73,False,44,44,1.0,0.24090909090909085,1.1590909090909092,1.8736207047998124,0.7545454545454544,0.5970149253731344,2.5,2.6,0.8741060939395354,0.11363636363636363,0.09090909090909091,0.5681818181818182,0.7045454545454546,,,,
c1220,deepseek_history_repeat,75,False,44,44,1.0,0.024999999999999946,1.8568181818181815,2.5048589145535085,0.9340909090909089,0.7407407407407407,2.75,3.0,0.6257716295999437,0.1590909090909091,0.0,0.7045454545454546,0.7727272727272727,,,,
c1220,deepseek_history_repeat,78,False,44,44,1.0,0.4977272727272727,1.8840909090909088,3.4539503075858993,0.738636363636364,0.8333333333333333,2.4,2.5,0.5971718728479176,0.11363636363636363,0.06818181818181818,0.5227272727272727,0.7045454545454546,,,,
c1220,deepseek_history_repeat,seen,False,99,99,1.0,0.3191919191919192,1.7212121212121212,2.8503765478698537,0.5878787878787883,0.7766990291262136,2.7,3.0,0.6303847254690598,0.13131313131313133,0.06060606060606061,0.5959595959595959,0.7474747474747475,,,,
c1220,deepseek_history_repeat,unseen,False,33,33,1.0,0.060606060606060635,1.3696969696969696,2.139810243640281,1.0606060606060606,0.5909090909090909,2.0,2.0,0.8470214178273467,0.12121212121212122,0.030303030303030304,0.6060606060606061,0.6666666666666666,,,,
c1220,deepseek_history_repeat,pooled,True,132,132,1.0,-0.12884799315448395,1.6841475222459041,2.7125572359869365,0.7123102327040376,1.0,3.0,3.0,0.7003206860200352,0.05269131556773413,0.053960870016536384,0.5800534133803505,0.7265430476137928,,,,
c1220,deepseek_history_repeat,73,True,44,44,1.0,0.41025719356516327,0.9617914366004395,1.459121875634349,0.6147450807202973,1.1152537542810768,2.735554392437035,3.2462249738523283,0.8741060939395354,0.08819599774740583,0.06626349331343585,0.35028147788490477,0.6055003612936254,,,,
c1220,deepseek_history_repeat,75,True,44,44,1.0,-0.8604504619336278,1.8182263001201153,2.5344004705090004,1.0902326919981504,1.0938602473299524,3.0,3.0,0.6257716295999437,0.03338581066249536,0.0,0.7705663601587994,0.8163029698295039,,,,
c1220,deepseek_history_repeat,78,True,44,44,1.0,-0.029042869537133854,2.4013526144723967,3.803366285069081,1.2188935713041837,0.48780487804878053,3.4630427115119353,3.0,0.5971718728479176,0.030226224955653427,0.09371205228527717,0.6594964682160256,0.7790538059334352,,,,
c1220,deepseek_history_repeat,seen,True,99,99,1.0,0.10135735451853868,1.6682995894885209,2.7911600070190516,0.5842595259421732,0.9189243359031174,3.0,3.0,0.6303847254690598,0.06315982394104606,0.05157298566728586,0.5457679852984776,0.7736696604191571,,,,
c1220,deepseek_history_repeat,unseen,True,33,33,1.0,-0.7766295869884688,1.7287424860220408,2.4780314781780315,1.4435939223832017,0.4264551870088054,2.5,2.8408200410959106,0.8470214178273467,0.023233672173800454,0.06068020796973546,0.676530187150619,0.59393208673196,,,,
c1220,deepseek_matched_history,pooled,False,660,660,1.0,-0.35136363636363627,5.151666666666667,10.275052901139349,1.0940909090909101,0.7894736842105263,2.5,2.6,0.11663505466410873,0.15303030303030302,0.051515151515151514,0.6590909090909091,0.7257575757575757,,,,
c1220,deepseek_matched_history,73,False,220,220,1.0,0.02181818181818174,4.538181818181819,7.770023984986966,0.701818181818181,0.5569620253164557,2.5,2.6499999999999995,0.19634227410565985,0.14545454545454545,0.08181818181818182,0.65,0.740909090909091,,,,
c1220,deepseek_matched_history,75,False,220,220,1.0,-0.7522727272727273,4.681363636363637,9.955375432398318,1.2259090909090906,0.5714285714285714,2.5,2.5,-0.011250477450137174,0.16363636363636364,0.04090909090909091,0.6954545454545454,0.7,,,,
c1220,deepseek_matched_history,78,False,220,220,1.0,-0.3236363636363636,6.235454545454546,12.539831084841758,1.728181818181816,0.75,2.5,2.8,0.15166706840557312,0.15,0.031818181818181815,0.6318181818181818,0.7363636363636363,,,,
c1220,deepseek_matched_history,seen,False,517,517,1.0,-0.4112185686653771,4.8707930367504835,10.015152929494414,1.1040618955512569,0.6776315789473685,2.5,2.7,0.14658653872424804,0.15860735009671179,0.048355899419729204,0.6595744680851063,0.7176015473887815,,,,
c1220,deepseek_matched_history,unseen,False,143,143,1.0,-0.1349650349650351,6.167132867132867,11.164325677449929,1.1083916083916083,0.75,2.5,2.5,0.036142277253020695,0.13286713286713286,0.06293706293706294,0.6573426573426573,0.7552447552447552,,,,
c1220,deepseek_matched_history,pooled,True,660,660,1.0,-0.6187354512040155,4.876231352750146,9.983620722493132,1.2326599868014254,0.5263157894736842,2.5,2.5,0.11663505466410873,0.15215351851237027,0.05762015325217316,0.6518240888950285,0.6989085546688139,,,,
c1220,deepseek_matched_history,73,True,220,220,1.0,0.13806945369050078,3.535913304706031,5.713202951873882,0.6999168033574239,0.7317029369488603,2.2,2.5,0.19634227410565985,0.16385155241623253,0.09344064475575295,0.5770689420011944,0.6592432760015909,,,,
c1220,deepseek_matched_history,75,True,220,220,1.0,-1.6973764107610703,4.964176607778095,11.062890155790926,2.2005430146993947,0.6559712419632915,2.4113307514047926,2.0,-0.011250477450137174,0.19302629331266608,0.048218458962748775,0.7216259852362404,0.6789564299940671,,,,
c1220,deepseek_matched_history,78,True,220,220,1.0,-0.4014736619683136,6.29035873492576,12.341603515997042,1.7371460891161568,0.8571428571428571,3.0,3.0,0.15166706840557312,0.09870674571520144,0.02678767386812564,0.6666341160023405,0.7630226932704861,,,,
c1220,deepseek_matched_history,seen,True,517,517,1.0,-0.5569752553324108,4.5122308339551624,9.396971588273031,1.1865876132116444,0.5650819530390968,2.5,2.5,0.14658653872424804,0.17100534942688891,0.05983398528605926,0.6465730405500169,0.7040892845163088,,,,
c1220,deepseek_matched_history,unseen,True,143,143,1.0,-0.8338589462475632,6.144120204068428,11.801498649324039,1.825193005503818,0.398495938911039,2.5,2.5,0.036142277253020695,0.08648870483962406,0.049908919862320815,0.6701145728658044,0.6808630045221393,,,,
c1220,deepseek_reversed_history,pooled,False,660,660,1.0,-0.2575757575757575,2.4681818181818183,6.634366449165902,0.9439393939393945,0.7894736842105263,2.5,2.5,0.6987306702897854,0.15303030303030302,0.04696969696969697,0.6590909090909091,0.746969696969697,,,,
c1220,deepseek_reversed_history,73,False,220,220,1.0,0.0590909090909091,1.7,2.9042288915554595,0.6172727272727268,0.7594936708860759,2.5,2.9499999999999993,0.7423369565372989,0.14545454545454545,0.05909090909090909,0.65,0.7772727272727272,,,,
c1220,deepseek_reversed_history,75,False,220,220,1.0,-0.6677272727272726,2.5522727272727272,7.694280638594782,1.1095454545454544,0.5714285714285714,2.5,2.5,0.7123642080537573,0.16363636363636364,0.03636363636363636,0.6954545454545454,0.7090909090909091,,,,
c1220,deepseek_reversed_history,78,False,220,220,1.0,-0.164090909090909,3.1522727272727273,8.025456656505881,1.6159090909090887,0.75,2.5,3.0,0.648403743735053,0.15,0.045454545454545456,0.6318181818181818,0.7545454545454545,,,,
c1220,deepseek_reversed_history,seen,False,517,517,1.0,-0.3114119922630561,2.4502901353965187,6.954797406341145,0.895164410058026,0.7894736842105263,2.5,2.5,0.6982217572140657,0.15860735009671179,0.05222437137330754,0.6595744680851063,0.758220502901354,,,,
c1220,deepseek_reversed_history,unseen,False,143,143,1.0,-0.06293706293706292,2.532867132867133,5.317144719868735,1.2251748251748238,0.75,2.5,3.0,0.711916783405275,0.13286713286713286,0.027972027972027972,0.6573426573426573,0.7062937062937062,,,,
c1220,deepseek_reversed_history,pooled,True,660,660,1.0,-0.28973225718194673,2.3332712108184746,6.695723283443111,1.0176422580769209,0.7894736842105263,2.5,2.5,0.6987306702897854,0.15215351851237024,0.046818152376787575,0.6518240888950284,0.7318474672179311,,,,
c1220,deepseek_reversed_history,73,True,220,220,1.0,0.2684484255356726,1.4840034208157888,2.698845327680546,0.707087133350079,0.6131102137983299,2.2,2.5,0.7423369565372989,0.1638515524162325,0.04932557270127203,0.5770689420011944,0.7476274294751081,,,,
c1220,deepseek_reversed_history,75,True,220,220,1.0,-1.000726276602357,2.6588444083613965,8.925783180375328,1.6036795454078236,0.7407407407407407,2.4168536050833818,2.5,0.7123642080537573,0.19302629331266608,0.04132837664349021,0.7216259852362403,0.6787011203512738,,,,
c1220,deepseek_reversed_history,78,True,220,220,1.0,-0.2129595497409603,2.9629308290511176,7.245195680020319,1.4461053908330028,0.8571428571428571,3.0,3.0,0.648403743735053,0.09870674571520144,0.0494293813922238,0.6666341160023405,0.7666389404879312,,,,
c1220,deepseek_reversed_history,seen,True,517,517,1.0,-0.4199369579575526,2.2521589493490177,6.880410442081894,1.0339665959026028,0.5629894024981361,2.5,2.5,0.6982217572140657,0.1710053494268889,0.05167253259379421,0.6465730405500167,0.7312882352585635,,,,
c1220,deepseek_reversed_history,unseen,True,143,143,1.0,0.1637975593390152,2.6158019400679615,6.0082557060874295,1.4619034705268628,1.079225105946051,2.5,3.0,0.711916783405275,0.08648870483962406,0.029909345275143547,0.6701145728658042,0.7337953874267552,,,,
c1220,deepseek_shuffled_history,pooled,False,660,660,1.0,-0.48954545454545456,5.132575757575758,10.132947311227925,1.1813636363636364,0.7894736842105263,2.5,2.5,0.08844549441951334,0.15303030303030302,0.05606060606060606,0.6590909090909091,0.7045454545454546,,,,
c1220,deepseek_shuffled_history,73,False,220,220,1.0,-0.09727272727272723,4.638181818181818,7.403107455656712,0.8599999999999992,0.5063291139240506,2.5,2.5,0.040524679739921826,0.14545454545454545,0.06363636363636363,0.65,0.7318181818181818,,,,
c1220,deepseek_shuffled_history,75,False,220,220,1.0,-0.7868181818181816,4.71409090909091,10.192646636401433,1.2504545454545453,0.6428571428571429,2.5,2.5,0.04161030064745483,0.16363636363636364,0.045454545454545456,0.6954545454545454,0.6636363636363637,,,,
c1220,deepseek_shuffled_history,78,False,220,220,1.0,-0.5845454545454547,6.045454545454546,12.220221691189494,1.6709090909090882,0.75,2.5,2.5,0.18306374108340276,0.15,0.05909090909090909,0.6318181818181818,0.7181818181818181,,,,
c1220,deepseek_shuffled_history,seen,False,517,517,1.0,-0.49090909090909085,4.943520309477757,10.218252716976995,1.0657640232108312,0.638157894736842,2.5,2.5,0.08949799141736281,0.15860735009671179,0.059961315280464215,0.6595744680851063,0.7001934235976789,,,,
c1220,deepseek_shuffled_history,unseen,False,143,143,1.0,-0.48461538461538467,5.816083916083916,9.818353728098714,1.6174825174825167,0.75,2.5,2.5,0.092807674504359,0.13286713286713286,0.04195804195804196,0.6573426573426573,0.7202797202797203,,,,
c1220,deepseek_shuffled_history,pooled,True,660,660,1.0,-0.7359284258422107,4.870018185499419,9.786810557348097,1.3873948453197964,0.5263157894736842,2.5,2.5,0.08844549441951334,0.15215351851237027,0.06633049360821788,0.6518240888950285,0.6945714100157171,,,,
c1220,deepseek_shuffled_history,73,True,220,220,1.0,0.17151258139094358,3.821324046439314,5.787165676899613,0.7593493564035015,0.5805652981458113,2.2,2.5,0.040524679739921826,0.1638515524162325,0.08305761635083359,0.5770689420011943,0.7041421596811557,,,,
c1220,deepseek_shuffled_history,75,True,220,220,1.0,-1.5340730351184204,4.982588758288565,11.248273547794508,2.068882107930344,0.5487517341865145,2.4,2.5,0.04161030064745483,0.19302629331266608,0.0414046395747684,0.7216259852362404,0.6029707917985057,,,,
c1220,deepseek_shuffled_history,78,True,220,220,1.0,-0.964242008639307,5.933265154361654,11.62714274352476,1.6742730610629177,0.8503468222911771,2.948716583401037,3.0,0.18306374108340276,0.09870674571520144,0.07220392761024814,0.6666341160023405,0.7742756735995505,,,,
c1220,deepseek_shuffled_history,seen,True,517,517,1.0,-0.6008770899182477,4.68058520121119,9.710633232141165,1.196434697522377,0.5611561617538375,2.5,2.5,0.08949799141736281,0.17100534942688894,0.06862045154438136,0.6465730405500169,0.6951503489398971,,,,
c1220,deepseek_shuffled_history,unseen,True,143,143,1.0,-1.2063400717939439,5.529852324324579,10.047643431639992,2.1720973616978076,0.36107008440272037,2.5,2.5,0.092807674504359,0.08648870483962406,0.058354098006197445,0.6701145728658042,0.6925548463855559,,,,
c1220,hist_gradient_boosting,pooled,False,660,660,1.0,-0.7038981727032617,2.2740321401109904,6.405732489649078,1.1456633706221997,0.7502606596923924,2.5,2.4685813509293677,0.7802573172256347,0.15303030303030302,0.0,0.6590909090909091,0.0,,,,
c1220,hist_gradient_boosting,73,False,220,220,1.0,-0.29875350360813824,1.7181324999750711,3.030464029004209,0.7296743560330619,0.8071729983547126,2.5,2.512258959969071,0.790873756504718,0.14545454545454545,0.0,0.65,0.0,,,,
c1220,hist_gradient_boosting,75,False,220,220,1.0,-0.9666202345091538,2.258536853768957,7.390123998564036,1.21048854791814,0.6495511289875198,2.5,2.3958572693405746,0.7585859648133079,0.16363636363636364,0.0,0.6954545454545454,0.0,,,,
c1220,hist_gradient_boosting,78,False,220,220,1.0,-0.846320779992493,2.8454270665889427,7.700816920405057,1.677511973400779,0.7870531998595782,2.5,2.5284078178103107,0.7852695823470975,0.15,0.0,0.6318181818181818,0.0,,,,
c1220,hist_gradient_boosting,seen,False,517,517,1.0,-0.8236990973900135,2.3054110178524523,6.872620648345772,1.2212420587112576,0.6817143085910466,2.5,2.4542194043474175,0.7520190900821114,0.15860735009671179,0.0,0.6595744680851063,0.0,,,,
c1220,hist_gradient_boosting,unseen,False,143,143,1.0,-0.27077175268192905,2.1605854282764736,4.315067863460637,1.0350010541913988,1.3293079581514935,2.5,2.55525351815821,0.8652465627985397,0.13286713286713286,0.0,0.6573426573426573,0.0,,,,
c1220,hist_gradient_boosting,pooled,True,660,660,1.0,-0.7736714766161781,2.350509654455811,6.741194487222852,1.2917619406552627,0.7225736073303166,2.5,2.4537922570227706,0.7802573172256347,0.15215351851237024,0.0,0.6518240888950285,0.0,,,,
c1220,hist_gradient_boosting,73,True,220,220,1.0,-0.0785764295299021,1.5538338087767354,3.0880563102278415,0.6813792876097085,0.8151063338529533,2.2,2.2533948537360664,0.790873756504718,0.16385155241623248,0.0,0.5770689420011943,0.0,,,,
c1220,hist_gradient_boosting,75,True,220,220,1.0,-1.4332582676401902,2.637288893241196,8.937178320610805,1.8071115375027942,0.6766031218477286,2.4,2.355124634871939,0.7585859648133079,0.19302629331266605,0.0,0.7216259852362403,0.0,,,,
c1220,hist_gradient_boosting,78,True,220,220,1.0,-0.9009666318283394,2.959569524577698,7.188047245622504,1.6830142785731357,0.9454158074444765,2.935049595571295,2.8042007601194965,0.7852695823470975,0.09870674571520144,0.0,0.6666341160023403,0.0,,,,
c1220,hist_gradient_boosting,seen,True,517,517,1.0,-0.8901406497196153,2.321424665960166,7.11145393937523,1.3553013849052298,0.6711221690503749,2.5,2.411741097131508,0.7520190900821114,0.1710053494268889,0.0,0.6465730405500166,0.0,,,,
c1220,hist_gradient_boosting,unseen,True,143,143,1.0,-0.3679853347695517,2.4518186657078487,5.251483683125876,1.3744656588362822,0.9219510612043538,2.5,2.713567435342872,0.8652465627985397,0.08648870483962405,0.0,0.6701145728658041,0.0,,,,
c1220,history3,pooled,False,660,660,1.0,-0.41727272727272735,2.1890909090909094,6.523224244608992,0.5275757575757588,1.0,2.5,2.5,0.7698308738339698,0.15303030303030302,0.1484848484848485,0.6590909090909091,0.6378787878787879,,,,
c1220,history3,73,False,220,220,1.0,-0.07954545454545454,1.6195454545454544,3.3100192254316703,0.33318181818181786,1.0759493670886076,2.5,2.5,0.7894791342622228,0.14545454545454545,0.17727272727272728,0.65,0.6863636363636364,,,,
c1220,history3,75,False,220,220,1.0,-0.5968181818181817,2.415909090909091,8.089142554852602,0.678636363636363,0.7285714285714285,2.5,2.5,0.7337504058392749,0.16363636363636364,0.11818181818181818,0.6954545454545454,0.6045454545454545,,,,
c1220,history3,78,False,220,220,1.0,-0.5754545454545454,2.5318181818181817,7.1600914163793385,1.2145454545454517,0.95,2.5,2.5,0.7776441029489799,0.15,0.15,0.6318181818181818,0.6227272727272727,,,,
c1220,history3,seen,False,517,517,1.0,-0.5551257253384912,2.244874274661509,7.013962311804362,0.6359767891682775,0.9802631578947368,2.5,2.5,0.7426621429286868,0.15860735009671179,0.14313346228239845,0.6595744680851063,0.632495164410058,,,,
c1220,history3,unseen,False,143,143,1.0,0.08111888111888113,1.9874125874125874,4.305192831300976,0.6811188811188805,1.3437499999999996,2.5,2.5,0.8598342381517334,0.13286713286713286,0.16783216783216784,0.6573426573426573,0.6573426573426573,,,,
c1220,history3,pooled,True,660,660,1.0,-0.4235914444636645,2.188276886117507,6.483464603011792,0.7118437254695604,1.0,2.5,2.5,0.7698308738339698,0.15215351851237024,0.13000259594922817,0.6518240888950285,0.626929472826483,,,,
c1220,history3,73,True,220,220,1.0,0.10584454668952484,1.432853811966652,2.872171886180543,0.4788952805133468,1.102112789015668,2.2,2.1,0.7894791342622228,0.16385155241623248,0.17576543430047664,0.5770689420011943,0.6621772042704146,,,,
c1220,history3,75,True,220,220,1.0,-1.0868482683306702,2.6479909165863047,9.20347033136556,1.3213735453726114,0.9459334926704599,2.4,2.5,0.7337504058392749,0.19302629331266605,0.10047258518589398,0.7216259852362403,0.5438312156926943,,,,
c1220,history3,78,True,220,220,1.0,-0.3617522448098313,2.580430685699158,6.144153273746534,1.3314798096827092,1.1717246702052073,2.935049595571295,2.8,0.7776441029489799,0.09870674571520144,0.10790560398859712,0.6666341160023403,0.669486680618581,,,,
c1220,history3,seen,True,517,517,1.0,-0.6413413427719881,2.244634675955364,7.024271486357477,0.8180234478670037,0.955237664483416,2.5,2.5,0.7426621429286868,0.1710053494268889,0.13643697113295378,0.6465730405500166,0.6281346223909152,,,,
c1220,history3,unseen,True,143,143,1.0,0.33487634386471393,1.9919710850793386,4.0731100172134,1.1146459121781138,1.2416823641897716,2.5,3.0,0.8598342381517334,0.08648870483962405,0.10759034063802177,0.6701145728658041,0.6227316884332815,,,,
c1220,last_observation,pooled,False,660,660,1.0,-0.19015151515151518,2.8656060606060607,8.577683341972442,0.3165151515151523,1.0526315789473684,2.5,2.5,0.6971093900851619,0.15303030303030302,0.15606060606060607,0.6590909090909091,0.646969696969697,,,,
c1220,last_observation,73,False,220,220,1.0,0.1654545454545454,2.31,6.85170847970848,0.8509090909090902,1.1139240506329113,2.5,2.5,0.7104192787430736,0.14545454545454545,0.2,0.65,0.7090909090909091,,,,
c1220,last_observation,75,False,220,220,1.0,-0.5527272727272727,2.7109090909090914,8.20527546487901,0.7109090909090915,1.0857142857142856,2.5,2.5,0.6140003381871347,0.16363636363636364,0.12727272727272726,0.6954545454545454,0.6045454545454545,,,,
c1220,last_observation,78,False,220,220,1.0,-0.18318181818181817,3.575909090909091,10.317824383076115,0.8513636363636357,0.975,2.5,2.5499999999999994,0.7560338250763017,0.15,0.1409090909090909,0.6318181818181818,0.6272727272727273,,,,
c1220,last_observation,seen,False,517,517,1.0,-0.37698259187620886,2.972727272727273,9.307862569316564,0.5205029013539664,1.006578947368421,2.5,2.5,0.6592787418017168,0.15860735009671179,0.15087040618955513,0.6595744680851063,0.6363636363636364,,,,
c1220,last_observation,unseen,False,143,143,1.0,0.48531468531468536,2.478321678321678,5.134294403418937,0.7790209790209797,1.25,2.5,2.6,0.813827538396225,0.13286713286713286,0.17482517482517482,0.6573426573426573,0.6853146853146853,,,,
c1220,last_observation,pooled,True,660,660,1.0,-0.5796203647327066,2.6213395159424744,7.458279484222316,0.7418128871854804,1.0,2.5,2.5,0.6971093900851619,0.15215351851237024,0.15037647303821536,0.6518240888950285,0.6322824904688105,,,,
c1220,last_observation,73,True,220,220,1.0,0.09342046918639492,1.8128970586769824,5.028494643249992,0.5233502998899533,1.1611305962916225,2.2,2.1475913597635006,0.7104192787430736,0.16385155241623248,0.21256317753114934,0.5770689420011943,0.6582988253890159,,,,
c1220,last_observation,75,True,220,220,1.0,-1.3507040613366823,2.8861776310339344,9.215312381958359,1.588860582574147,1.4774623588112228,2.4,2.4,0.6140003381871347,0.19302629331266605,0.11588518305925138,0.7216259852362403,0.5520659849734484,,,,
c1220,last_observation,78,True,220,220,1.0,-0.572156099425226,3.2652349027761445,7.789927365111406,1.1474079567667936,0.9714285714285714,2.935049595571295,3.0,0.7560338250763017,0.09870674571520144,0.11478482892064844,0.6666341160023403,0.6823327089213465,,,,
c1220,last_observation,seen,True,517,517,1.0,-0.7834797129942286,2.655450541998274,8.096447523959798,0.8849270893362813,1.0313713475216137,2.5,2.5,0.6592787418017168,0.1710053494268889,0.1581739098664771,0.6465730405500166,0.6313994623956289,,,,
c1220,last_observation,unseen,True,143,143,1.0,0.13046377403022205,2.5025237796727815,4.588004316526663,0.9001500680604451,0.8703183779635777,2.5,2.666061829057142,0.813827538396225,0.08648870483962405,0.12321639300277996,0.6701145728658041,0.635358259297641,,,,
c3010,conditional_donor,pooled,False,660,660,1.0,0.016666666666666666,,,,,,,,,,,,0.6530303030303031,0.0014838556859339642,0.5112883313891585,0.4075757575757576
c3010,conditional_donor,73,False,220,220,1.0,-0.022727272727272728,,,,,,,,,,,,0.6363636363636364,0.0055697964654562605,0.5008521303258145,0.4318181818181818
c3010,conditional_donor,75,False,220,220,1.0,0.06363636363636363,,,,,,,,,,,,0.6590909090909091,0.0035437251268539147,0.5363749191984486,0.39090909090909093
c3010,conditional_donor,78,False,220,220,1.0,0.00909090909090909,,,,,,,,,,,,0.6636363636363637,0.002596068676651047,0.4627649632555966,0.4
c3010,conditional_donor,seen,False,517,517,1.0,0.0019342359767891683,,,,,,,,,,,,0.6537717601547389,0.0024342336544582255,0.5096949501636691,0.40038684719535783
c3010,conditional_donor,unseen,False,143,143,1.0,0.06993006993006994,,,,,,,,,,,,0.6503496503496503,0.012828352633358284,0.6055530676220331,0.43356643356643354
c3010,conditional_donor,pooled,True,660,660,1.0,0.005356279666305058,,,,,,,,,,,,0.6828133371584832,0.003339567496098575,0.48548066549568925,0.37381811600397463
c3010,conditional_donor,73,True,220,220,1.0,-0.09676456800001186,,,,,,,,,,,,0.6533229914052905,0.015853107659330182,0.42988201686963334,0.4035490300250172
c3010,conditional_donor,75,True,220,220,1.0,0.07183066430685404,,,,,,,,,,,,0.6958399827542455,0.01673912214311631,0.4666930949741589,0.35025029701720595
c3010,conditional_donor,78,True,220,220,1.0,0.05409619360781282,,,,,,,,,,,,0.7029787616231656,0.003596362128290399,0.49406873966947273,0.3637888307696042
c3010,conditional_donor,seen,True,517,517,1.0,-0.029387802983405757,,,,,,,,,,,,0.665154077974967,0.005813666240498179,0.43014475971569316,0.3955402084806795
c3010,conditional_donor,unseen,True,143,143,1.0,0.12637708256702998,,,,,,,,,,,,0.7443241776249799,0.0131025856215924,0.6401244722603485,0.2981555895611728
c3010,country_previous,pooled,False,660,660,1.0,0.296969696969697,,,,,,,,,,,,0.5181818181818182,0.2053988087612873,0.20888603622878335,0.6060606060606061
c3010,country_previous,73,False,220,220,1.0,0.32272727272727275,,,,,,,,,,,,0.4772727272727273,0.3295426051311989,0.2,0.65
c3010,country_previous,75,False,220,220,1.0,0.32727272727272727,,,,,,,,,,,,0.5409090909090909,0.2796352154678405,0.2,0.6
c3010,country_previous,78,False,220,220,1.0,0.2409090909090909,,,,,,,,,,,,0.5363636363636364,0.12848528858419997,0.2253939934582218,0.5681818181818182
c3010,country_previous,seen,False,517,517,1.0,0.28433268858800775,,,,,,,,,,,,0.5183752417794971,0.20651268840115042,0.2117120894479385,0.597678916827853
c3010,country_previous,unseen,False,143,143,1.0,0.34265734265734266,,,,,,,,,,,,0.5174825174825175,0.20183638880559368,0.19650694133452754,0.6363636363636364
c3010,country_previous,pooled,True,660,660,1.0,0.2734667524406145,,,,,,,,,,,,0.5749492587399814,0.22456865207225535,0.20227723465548988,0.5231380368521964
c3010,country_previous,73,True,220,220,1.0,0.19491924710655809,,,,,,,,,,,,0.5706593978302055,0.2575427051556597,0.2,0.49267906315288856
c3010,country_previous,75,True,220,220,1.0,0.22392852718602418,,,,,,,,,,,,0.6038874868234715,0.2337079888567041,0.2,0.5227469485137595
c3010,country_previous,78,True,220,220,1.0,0.41032814987820665,,,,,,,,,,,,0.5511873426657851,0.20284260175438354,0.2050000857952754,0.5576332531725807
c3010,country_previous,seen,True,517,517,1.0,0.23352443099225262,,,,,,,,,,,,0.5898093812611532,0.21556950179951398,0.20333655573676884,0.4969580683908084
c3010,country_previous,unseen,True,143,143,1.0,0.4125940927746334,,,,,,,,,,,,0.5231883883538885,0.2571520421956549,0.19896968468805046,0.6143282644099581
c3010,deepseek_demo,pooled,False,660,660,1.0,0.2681818181818182,,,,,,,,,,,,0.4166666666666667,0.07596658894762763,0.20462487519612038,0.7045454545454546
c3010,deepseek_demo,73,False,220,220,1.0,0.2681818181818182,,,,,,,,,,,,0.35,0.0779160342972778,0.1737844611528822,0.7772727272727272
c3010,deepseek_demo,75,False,220,220,1.0,0.20454545454545456,,,,,,,,,,,,0.4090909090909091,0.07496668952094344,0.2040504201680672,0.7045454545454546
c3010,deepseek_demo,78,False,220,220,1.0,0.33181818181818185,,,,,,,,,,,,0.4909090909090909,0.08375677292352862,0.23906800900556474,0.6318181818181818
c3010,deepseek_demo,seen,False,517,517,1.0,0.2553191489361702,,,,,,,,,,,,0.4158607350096712,0.07339457347606887,0.20571907756813418,0.6963249516441006
c3010,deepseek_demo,unseen,False,143,143,1.0,0.3146853146853147,,,,,,,,,,,,0.4195804195804196,0.08648655372573834,0.19641737572772056,0.7342657342657343
c3010,deepseek_demo,pooled,True,660,660,1.0,0.18469519665734868,,,,,,,,,,,,0.461448787557965,0.05563215341972761,0.1968194128721407,0.6465772363682719
c3010,deepseek_demo,73,True,220,220,1.0,0.12393980203356947,,,,,,,,,,,,0.42184131233717964,0.040471845247993445,0.16825773787496395,0.6587677589151336
c3010,deepseek_demo,75,True,220,220,1.0,0.05954385812020561,,,,,,,,,,,,0.44044055910436586,0.06970186350152033,0.18880350837409776,0.6898234424808409
c3010,deepseek_demo,78,True,220,220,1.0,0.3762724641946807,,,,,,,,,,,,0.5265407101664747,0.08133529164208049,0.24531751327166273,0.5902360636764982
c3010,deepseek_demo,seen,True,517,517,1.0,0.14551248174865986,,,,,,,,,,,,0.478480549515122,0.048389337832088694,0.20374724158752183,0.6185247070935476
c3010,deepseek_demo,unseen,True,143,143,1.0,0.3211766708090112,,,,,,,,,,,,0.40212364929916805,0.08697217532715704,0.17446923028494138,0.7442899792963547
c3010,deepseek_history,pooled,False,660,660,1.0,0.03787878787878788,,,,,,,,,,,,0.7348484848484849,0.006215344825992556,0.6521268444015068,0.29545454545454547
c3010,deepseek_history,73,False,220,220,1.0,0.0,,,,,,,,,,,,0.7136363636363636,0.007634801873818177,0.6425563909774435,0.32727272727272727
c3010,deepseek_history,75,False,220,220,1.0,0.08636363636363636,,,,,,,,,,,,0.7545454545454545,0.006984089926378113,0.6854169360051714,0.2772727272727273
c3010,deepseek_history,78,False,220,220,1.0,0.02727272727272727,,,,,,,,,,,,0.7363636363636363,0.008902136300111003,0.6053183806975065,0.2818181818181818
c3010,deepseek_history,seen,False,517,517,1.0,0.029013539651837523,,,,,,,,,,,,0.723404255319149,0.00425568144791328,0.6395614402883519,0.3114119922630561
c3010,deepseek_history,unseen,False,143,143,1.0,0.06993006993006994,,,,,,,,,,,,0.7762237762237763,0.019453112041994326,0.7525302283922973,0.23776223776223776
c3010,deepseek_history,pooled,True,660,660,1.0,-0.020785901982684412,,,,,,,,,,,,0.7375211966968022,0.00649033687582176,0.5991407823038039,0.28766928122514623
c3010,deepseek_history,73,True,220,220,1.0,-0.14948940994939694,,,,,,,,,,,,0.6715480024395946,0.012709552853872342,0.4768517788991943,0.37457963497978947
c3010,deepseek_history,75,True,220,220,1.0,0.0748569495815704,,,,,,,,,,,,0.7640795387057782,0.008760530126005188,0.635313296421498,0.25894785746955845
c3010,deepseek_history,78,True,220,220,1.0,0.02892917571019205,,,,,,,,,,,,0.7851839738491653,0.010265099046356191,0.6523341760314594,0.21869549573200986
c3010,deepseek_history,seen,True,517,517,1.0,-0.052643257248296146,,,,,,,,,,,,0.727650458818157,0.004227686552628559,0.5714277530819813,0.30356454017140005
c3010,deepseek_history,unseen,True,143,143,1.0,0.09017983429557824,,,,,,,,,,,,0.771903011733907,0.0362918346059982,0.6896286674106029,0.23230281726105675
c3010,deepseek_history1,pooled,False,660,660,1.0,0.11363636363636363,,,,,,,,,,,,0.6727272727272727,0.018099569809209442,0.5043921014962678,0.37424242424242427
c3010,deepseek_history1,73,False,220,220,1.0,0.11818181818181818,,,,,,,,,,,,0.6454545454545455,0.02881765041395533,0.4918997493734336,0.4090909090909091
c3010,deepseek_history1,75,False,220,220,1.0,0.12727272727272726,,,,,,,,,,,,0.6727272727272727,0.018984025098843307,0.4902210730446025,0.39090909090909093
c3010,deepseek_history1,78,False,220,220,1.0,0.09545454545454546,,,,,,,,,,,,0.7,0.012139987446842864,0.5339025529926512,0.32272727272727275
c3010,deepseek_history1,seen,False,517,517,1.0,0.10444874274661509,,,,,,,,,,,,0.6692456479690522,0.017343399174369355,0.49051631174371996,0.379110251450677
c3010,deepseek_history1,unseen,False,143,143,1.0,0.14685314685314685,,,,,,,,,,,,0.6853146853146853,0.030770132623033793,0.6574115539632781,0.35664335664335667
c3010,deepseek_history1,pooled,True,660,660,1.0,0.056948192132402445,,,,,,,,,,,,0.6821466980277687,0.009165929255831998,0.5019204587214339,0.358054920556369
c3010,deepseek_history1,73,True,220,220,1.0,-0.07240898108001524,,,,,,,,,,,,0.6592057753810177,0.013552816153546128,0.4171211542120406,0.387144194772562
c3010,deepseek_history1,75,True,220,220,1.0,0.12562298835239602,,,,,,,,,,,,0.6697404364163848,0.009996325238972889,0.5310388701553468,0.3770416723616573
c3010,deepseek_history1,78,True,220,220,1.0,0.1340163195328646,,,,,,,,,,,,0.7200834747890467,0.013724068264150135,0.5334729248134301,0.3067371600561694
c3010,deepseek_history1,seen,True,517,517,1.0,0.020466029864341654,,,,,,,,,,,,0.6805422405099403,0.008572880450900088,0.4597077507448333,0.36168459690763527
c3010,deepseek_history1,unseen,True,143,143,1.0,0.18402308467592451,,,,,,,,,,,,0.6877353543461797,0.02551152995300059,0.6195623767208314,0.34541200951080464
c3010,deepseek_history_repeat,pooled,False,132,132,1.0,0.06818181818181818,,,,,,,,,,,,0.7424242424242424,0.006176486749060367,0.6298475145795672,0.2803030303030303
c3010,deepseek_history_repeat,73,False,44,44,1.0,-0.06818181818181818,,,,,,,,,,,,0.75,0.004613330259749328,0.6564102564102564,0.29545454545454547
c3010,deepseek_history_repeat,75,False,44,44,1.0,0.1590909090909091,,,,,,,,,,,,0.8181818181818182,0.018109409584469358,0.7209821428571428,0.20454545454545456
c3010,deepseek_history_repeat,78,False,44,44,1.0,0.11363636363636363,,,,,,,,,,,,0.6590909090909091,0.007133312372263049,0.49999999999999994,0.3409090909090909
c3010,deepseek_history_repeat,seen,False,99,99,1.0,0.050505050505050504,,,,,,,,,,,,0.7171717171717171,0.007655929226772965,0.6149864910503209,0.31313131313131315
c3010,deepseek_history_repeat,unseen,False,33,33,1.0,0.12121212121212122,,,,,,,,,,,,0.8181818181818182,0.018324300189372356,0.6335227272727273,0.18181818181818182
c3010,deepseek_history_repeat,pooled,True,132,132,1.0,0.09277600260384654,,,,,,,,,,,,0.7249681309053335,0.013168348693735968,0.5291237235130745,0.3067346383311667
c3010,deepseek_history_repeat,73,True,44,44,1.0,-0.11993701223938812,,,,,,,,,,,,0.7577082368778547,0.01020738814774499,0.6010524942561959,0.2945210299329212
c3010,deepseek_history_repeat,75,True,44,44,1.0,0.27462759962405753,,,,,,,,,,,,0.7396674996605984,0.05270244805282082,0.5461494587358415,0.2994850131248749
c3010,deepseek_history_repeat,78,True,44,44,1.0,0.1608074730355725,,,,,,,,,,,,0.6715690428337187,0.02465867362078854,0.4759492186504156,0.32843095716628146
c3010,deepseek_history_repeat,seen,True,99,99,1.0,0.052915780769887295,,,,,,,,,,,,0.7076889168897276,0.008560748191142496,0.5265909324786278,0.3352802221907984
c3010,deepseek_history_repeat,unseen,True,33,33,1.0,0.20493985236312048,,,,,,,,,,,,0.7735906190810911,0.05294218178896347,0.6725437563370384,0.22640938091890883
c3010,deepseek_matched_history,pooled,False,660,660,1.0,0.048484848484848485,,,,,,,,,,,,0.38333333333333336,0.00496608569183693,0.2203247405975059,0.8090909090909091
c3010,deepseek_matched_history,73,False,220,220,1.0,0.013636363636363636,,,,,,,,,,,,0.34545454545454546,0.005572624109161264,0.22732832080200502,0.8318181818181818
c3010,deepseek_matched_history,75,False,220,220,1.0,0.10909090909090909,,,,,,,,,,,,0.4090909090909091,0.008063589002499314,0.2207239819004525,0.8090909090909091
c3010,deepseek_matched_history,78,False,220,220,1.0,0.022727272727272728,,,,,,,,,,,,0.39545454545454545,0.010351669864503305,0.20371904337113972,0.7863636363636364
c3010,deepseek_matched_history,seen,False,517,517,1.0,0.03288201160541586,,,,,,,,,,,,0.37524177949709864,0.004796430026527967,0.2091282503953805,0.8143133462282398
c3010,deepseek_matched_history,unseen,False,143,143,1.0,0.1048951048951049,,,,,,,,,,,,0.4125874125874126,0.02291374258782502,0.25947156291983875,0.7902097902097902
c3010,deepseek_matched_history,pooled,True,660,660,1.0,-0.0030468107713911025,,,,,,,,,,,,0.3828545635863896,0.004639713238096764,0.18736144560408743,0.7898456224700308
c3010,deepseek_matched_history,73,True,220,220,1.0,-0.16014366987310164,,,,,,,,,,,,0.36113891517743785,0.015218649057933598,0.2189879542567633,0.7766448907323905
c3010,deepseek_matched_history,75,True,220,220,1.0,0.12879029056460056,,,,,,,,,,,,0.43350899955604283,0.011719894755122357,0.20495922206486372,0.780398863308012
c3010,deepseek_matched_history,78,True,220,220,1.0,0.04273573362435223,,,,,,,,,,,,0.3571699525665507,0.005495447342705467,0.1608828824081337,0.8139535275652527
c3010,deepseek_matched_history,seen,True,517,517,1.0,-0.0705044212850418,,,,,,,,,,,,0.38740550097005216,0.010871633398262203,0.18628371594886214,0.7713186516038899
c3010,deepseek_matched_history,unseen,True,143,143,1.0,0.23192195408084026,,,,,,,,,,,,0.3670027104327318,0.03417095978230121,0.1897688936737488,0.8543788816193378
c3010,deepseek_reversed_history,pooled,False,660,660,1.0,0.022727272727272728,,,,,,,,,,,,0.7106060606060606,0.004771181505611999,0.6110045184831201,0.32575757575757575
c3010,deepseek_reversed_history,73,False,220,220,1.0,0.004545454545454545,,,,,,,,,,,,0.7227272727272728,0.006803712597057769,0.6046516290726818,0.32272727272727275
c3010,deepseek_reversed_history,75,False,220,220,1.0,0.04090909090909091,,,,,,,,,,,,0.6863636363636364,0.007286323443582711,0.6042908855850032,0.3409090909090909
c3010,deepseek_reversed_history,78,False,220,220,1.0,0.022727272727272728,,,,,,,,,,,,0.7227272727272728,0.003714990677317615,0.5949173781912408,0.31363636363636366
c3010,deepseek_reversed_history,seen,False,517,517,1.0,0.0038684719535783366,,,,,,,,,,,,0.6982591876208898,0.0035446594665215817,0.5969327301482218,0.3365570599613153
c3010,deepseek_reversed_history,unseen,False,143,143,1.0,0.09090909090909091,,,,,,,,,,,,0.7552447552447552,0.015592710080196897,0.7435288849081954,0.2867132867132867
c3010,deepseek_reversed_history,pooled,True,660,660,1.0,-0.034038518297386244,,,,,,,,,,,,0.7022609729353595,0.010689072460665455,0.5772097270239648,0.32280416526092065
c3010,deepseek_reversed_history,73,True,220,220,1.0,-0.15639959444461418,,,,,,,,,,,,0.6591661464916299,0.0186859807248062,0.4881682456180353,0.38812758996690533
c3010,deepseek_reversed_history,75,True,220,220,1.0,0.009277897448100546,,,,,,,,,,,,0.7043463772510348,0.02148624613456834,0.5773511130811615,0.3138232907005541
c3010,deepseek_reversed_history,78,True,220,220,1.0,0.06022719050560169,,,,,,,,,,,,0.7484616886836156,0.005327187406467866,0.6839447137549406,0.25851773258852806
c3010,deepseek_reversed_history,seen,True,517,517,1.0,-0.06774779771529167,,,,,,,,,,,,0.6953370162061486,0.009669439483680126,0.5414905803939897,0.3343694005188379
c3010,deepseek_reversed_history,unseen,True,143,143,1.0,0.08337785160621669,,,,,,,,,,,,0.7263785417043237,0.037536647400798984,0.7161509020385738,0.2825200665048821
c3010,deepseek_shuffled_history,pooled,False,660,660,1.0,0.0696969696969697,,,,,,,,,,,,0.3924242424242424,0.009331744602776505,0.21253494170101592,0.8242424242424242
c3010,deepseek_shuffled_history,73,False,220,220,1.0,0.05454545454545454,,,,,,,,,,,,0.33181818181818185,0.011003193599457253,0.1773934837092732,0.8909090909090909
c3010,deepseek_shuffled_history,75,False,220,220,1.0,0.11363636363636363,,,,,,,,,,,,0.41363636363636364,0.01168649983108309,0.2390433096315449,0.8045454545454546
c3010,deepseek_shuffled_history,78,False,220,220,1.0,0.04090909090909091,,,,,,,,,,,,0.4318181818181818,0.01408747658682764,0.2242895374028291,0.7772727272727272
c3010,deepseek_shuffled_history,seen,False,517,517,1.0,0.04061895551257253,,,,,,,,,,,,0.39264990328820115,0.0072214317727874325,0.21146551914377137,0.8259187620889749
c3010,deepseek_shuffled_history,unseen,False,143,143,1.0,0.17482517482517482,,,,,,,,,,,,0.3916083916083916,0.03136935288127616,0.21921182266009848,0.8181818181818182
c3010,deepseek_shuffled_history,pooled,True,660,660,1.0,0.029272331854138255,,,,,,,,,,,,0.3999220443310211,0.0058378386101908585,0.20609792234469954,0.8017268794826969
c3010,deepseek_shuffled_history,73,True,220,220,1.0,-0.12123936300475216,,,,,,,,,,,,0.3463290983406675,0.008144240404684703,0.15170573916921642,0.851116964429376
c3010,deepseek_shuffled_history,75,True,220,220,1.0,0.2034497047050876,,,,,,,,,,,,0.435391406620193,0.013654175970026551,0.2453650514547578,0.8248389216617843
c3010,deepseek_shuffled_history,78,True,220,220,1.0,0.025885082570389625,,,,,,,,,,,,0.42492457151819374,0.013449284088366023,0.23156272092329067,0.7236032612735819
c3010,deepseek_shuffled_history,seen,True,517,517,1.0,-0.045970209870934656,,,,,,,,,,,,0.4117844885363573,0.004884205968432521,0.21330080301027615,0.7683593831073361
c3010,deepseek_shuffled_history,unseen,True,143,143,1.0,0.29135761710012564,,,,,,,,,,,,0.35860270553688584,0.03365082280623365,0.17359460801125307,0.9179527485852392
c3010,hist_gradient_boosting,pooled,False,660,660,1.0,-0.04242424242424243,,,,,,,,,,,,0.7484848484848485,0.001195642026594663,0.6711534071725854,0.2787878787878788
c3010,hist_gradient_boosting,73,False,220,220,1.0,-0.06818181818181818,,,,,,,,,,,,0.75,0.004654561863436379,0.6959699248120301,0.2772727272727273
c3010,hist_gradient_boosting,75,False,220,220,1.0,0.022727272727272728,,,,,,,,,,,,0.7318181818181818,0.0007146711374960254,0.6834634776987718,0.29545454545454547
c3010,hist_gradient_boosting,78,False,220,220,1.0,-0.08181818181818182,,,,,,,,,,,,0.7636363636363637,0.007834925352252988,0.590597255851493,0.2636363636363636
c3010,hist_gradient_boosting,seen,False,517,517,1.0,-0.061895551257253385,,,,,,,,,,,,0.7446808510638298,0.0017725247753412239,0.6674928831512744,0.2862669245647969
c3010,hist_gradient_boosting,unseen,False,143,143,1.0,0.027972027972027972,,,,,,,,,,,,0.7622377622377622,0.004455065456776098,0.7518137035378415,0.2517482517482518
c3010,hist_gradient_boosting,pooled,True,660,660,1.0,-0.056053660052096936,,,,,,,,,,,,0.7161868198275816,0.0033749991701289526,0.5906331074198816,0.30861274178320364
c3010,hist_gradient_boosting,73,True,220,220,1.0,-0.189955839990958,,,,,,,,,,,,0.6776990660460626,0.014618128895666717,0.5113851890784515,0.36532541563690524
c3010,hist_gradient_boosting,75,True,220,220,1.0,0.07191958374203235,,,,,,,,,,,,0.6959985000725403,0.006735225670707243,0.568839812890525,0.32603207491915637
c3010,hist_gradient_boosting,78,True,220,220,1.0,-0.0324312921467572,,,,,,,,,,,,0.7792154755036946,0.0029508234148067814,0.5954058113598751,0.22790845898065537
c3010,hist_gradient_boosting,seen,True,517,517,1.0,-0.11268216424921902,,,,,,,,,,,,0.7296900571531238,0.006350372207901601,0.5791396354196137,0.3013929699069214
c3010,hist_gradient_boosting,unseen,True,143,143,1.0,0.14119509491135676,,,,,,,,,,,,0.6691522603208049,0.016413678413630187,0.64003858565499,0.3337606956963002
c3010,history3,pooled,False,660,660,1.0,-0.07727272727272727,,,,,,,,,,,,0.7575757575757576,0.0014630671733041657,0.7045323206964429,0.2863636363636364
c3010,history3,73,False,220,220,1.0,-0.07272727272727272,,,,,,,,,,,,0.759090909090909,0.003280935378935697,0.7135739348370926,0.2727272727272727
c3010,history3,75,False,220,220,1.0,-0.05454545454545454,,,,,,,,,,,,0.7545454545454545,0.0010697562562985412,0.7145404007756948,0.2909090909090909
c3010,history3,78,False,220,220,1.0,-0.10454545454545454,,,,,,,,,,,,0.759090909090909,0.005324231830678608,0.6556879486852725,0.29545454545454547
c3010,history3,seen,False,517,517,1.0,-0.09284332688588008,,,,,,,,,,,,0.746615087040619,0.0022256943409849953,0.6972085769980507,0.2978723404255319
c3010,history3,unseen,False,143,143,1.0,-0.02097902097902098,,,,,,,,,,,,0.7972027972027972,0.0029935822692750305,0.7863860277653381,0.24475524475524477
c3010,history3,pooled,True,660,660,1.0,-0.12345739400128868,,,,,,,,,,,,0.7092514585940719,0.00510751482517534,0.6055150979831654,0.3404732815248175
c3010,history3,73,True,220,220,1.0,-0.21527619973408593,,,,,,,,,,,,0.6745372898490977,0.016216577854750693,0.5218615557228097,0.39028262679962644
c3010,history3,75,True,220,220,1.0,-0.0987087014199723,,,,,,,,,,,,0.698304935482258,0.00658417376666801,0.5856710864022461,0.3654069374537436
c3010,history3,78,True,220,220,1.0,-0.04506531747100804,,,,,,,,,,,,0.7589314251194982,0.0035558891696671484,0.6917585190594503,0.2600819845429978
c3010,history3,seen,True,517,517,1.0,-0.16229190574396674,,,,,,,,,,,,0.7187879781387191,0.008441605777653972,0.5976928104437679,0.33927194518324894
c3010,history3,unseen,True,143,143,1.0,0.011811216735672474,,,,,,,,,,,,0.6760337949185782,0.008775478543156304,0.6511199703737847,0.3446577836766293
c3010,last_observation,pooled,False,660,660,1.0,0.006060606060606061,,,,,,,,,,,,0.740909090909091,0.0008587490686354116,0.6874810922019795,0.29393939393939394
c3010,last_observation,73,False,220,220,1.0,-0.031818181818181815,,,,,,,,,,,,0.7227272727272728,0.0017851001739880349,0.6723007518796992,0.32272727272727275
c3010,last_observation,75,False,220,220,1.0,0.08181818181818182,,,,,,,,,,,,0.7272727272727273,0.0037086581495503084,0.6910368455074337,0.3090909090909091
c3010,last_observation,78,False,220,220,1.0,-0.031818181818181815,,,,,,,,,,,,0.7727272727272727,0.002700097525287505,0.6768722654092859,0.25
c3010,last_observation,seen,False,517,517,1.0,-0.0019342359767891683,,,,,,,,,,,,0.7369439071566731,0.00048823129144388475,0.6794493361285815,0.3036750483558994
c3010,last_observation,unseen,False,143,143,1.0,0.03496503496503497,,,,,,,,,,,,0.7552447552447552,0.005440330613721687,0.7695029108822212,0.25874125874125875
c3010,last_observation,pooled,True,660,660,1.0,-0.03613871011947935,,,,,,,,,,,,0.7199934009791948,0.0016341200968669563,0.6161146146756515,0.3069323850206013
c3010,last_observation,73,True,220,220,1.0,-0.1750532131567123,,,,,,,,,,,,0.6708021072011471,0.01151562098924265,0.4893462910350624,0.3757839994602307
c3010,last_observation,75,True,220,220,1.0,0.11303132768850205,,,,,,,,,,,,0.6896342172298449,0.009549502288103074,0.6104899787065321,0.335809351469327
c3010,last_observation,78,True,220,220,1.0,-0.0278273938315977,,,,,,,,,,,,0.8050482955010895,0.0008849486880408314,0.7002022226761941,0.20132423308595931
c3010,last_observation,seen,True,517,517,1.0,-0.07109177596115267,,,,,,,,,,,,0.7235090665018445,0.002283353519274927,0.5948405550574047,0.3099394333211386
c3010,last_observation,unseen,True,143,143,1.0,0.08561002432397903,,,,,,,,,,,,0.7077476131548032,0.011310917863087255,0.681785568678311,0.29645821584016047
c3110,conditional_donor,pooled,False,660,660,1.0,0.019696969696969695,,,,,,,,,,,,0.6424242424242425,0.0038874189499822167,0.5171551431326695,0.41363636363636364
c3110,conditional_donor,73,False,220,220,1.0,0.004545454545454545,,,,,,,,,,,,0.6045454545454545,0.006867493178504044,0.43561226298068406,0.4590909090909091
c3110,conditional_donor,75,False,220,220,1.0,0.1409090909090909,,,,,,,,,,,,0.6545454545454545,0.012251800346502095,0.6564176245210728,0.37727272727272726
c3110,conditional_donor,78,False,220,220,1.0,-0.08636363636363636,,,,,,,,,,,,0.6681818181818182,0.008670435280920845,0.4813011272141707,0.40454545454545454
c3110,conditional_donor,seen,False,517,517,1.0,0.009671179883945842,,,,,,,,,,,,0.6479690522243714,0.002874160541667331,0.5223245643367813,0.40425531914893614
c3110,conditional_donor,unseen,False,143,143,1.0,0.055944055944055944,,,,,,,,,,,,0.6223776223776224,0.012270401376290424,0.5095389507154213,0.44755244755244755
c3110,conditional_donor,pooled,True,660,660,1.0,0.04274264527543182,,,,,,,,,,,,0.6487117165164656,0.012407742764725827,0.5441607447414162,0.40141405187765405
c3110,conditional_donor,73,True,220,220,1.0,0.07593074476383653,,,,,,,,,,,,0.5874792972261983,0.020896004793440993,0.39300373893776375,0.4716421415237667
c3110,conditional_donor,75,True,220,220,1.0,0.09076255021029417,,,,,,,,,,,,0.6651570619521733,0.035118359162270685,0.615400169069099,0.3530228885803806
c3110,conditional_donor,78,True,220,220,1.0,-0.04182471660250178,,,,,,,,,,,,0.7010484565801531,0.0028858683087194604,0.48900893653680344,0.37053836709685345
c3110,conditional_donor,seen,True,517,517,1.0,0.047990871158393386,,,,,,,,,,,,0.6533095206949744,0.01149577308278573,0.48122718985636775,0.39426892338628466
c3110,conditional_donor,unseen,True,143,143,1.0,0.024461992521871166,,,,,,,,,,,,0.6326966166540409,0.03861196246855926,0.5626215462120295,0.4263020074922072
c3110,country_previous,pooled,False,660,660,1.0,0.31666666666666665,,,,,,,,,,,,0.5045454545454545,0.24267238480933986,0.20007150262772155,0.6227272727272727
c3110,country_previous,73,False,220,220,1.0,0.32727272727272727,,,,,,,,,,,,0.5181818181818182,0.29702582932698235,0.2,0.6181818181818182
c3110,country_previous,75,False,220,220,1.0,0.37272727272727274,,,,,,,,,,,,0.4909090909090909,0.3185225674871551,0.2,0.6454545454545455
c3110,country_previous,78,False,220,220,1.0,0.25,,,,,,,,,,,,0.5045454545454545,0.18057955904451714,0.2009017713365539,0.6045454545454545
c3110,country_previous,seen,False,517,517,1.0,0.30174081237911027,,,,,,,,,,,,0.5183752417794971,0.23460025862439315,0.20248407826863782,0.6034816247582205
c3110,country_previous,unseen,False,143,143,1.0,0.3706293706293706,,,,,,,,,,,,0.45454545454545453,0.27279239318237775,0.1911764705882353,0.6923076923076923
c3110,country_previous,pooled,True,660,660,1.0,0.30234233428299406,,,,,,,,,,,,0.5367411915538695,0.2645111444746793,0.20002699383668915,0.549893671814759
c3110,country_previous,73,True,220,220,1.0,0.33699345572174333,,,,,,,,,,,,0.548236338145239,0.2741250496471539,0.2,0.530917115911127
c3110,country_previous,75,True,220,220,1.0,0.23268114107128413,,,,,,,,,,,,0.5036126430803702,0.3084214287732531,0.2,0.5869110709113596
c3110,country_previous,78,True,220,220,1.0,0.3323034841560586,,,,,,,,,,,,0.5565707468295302,0.22519453291388006,0.20029831849691124,0.5346032821394642
c3110,country_previous,seen,True,517,517,1.0,0.2843518989200519,,,,,,,,,,,,0.5656823950115101,0.24540802933647124,0.20076981215851256,0.511573030304043
c3110,country_previous,unseen,True,143,143,1.0,0.3650067296595393,,,,,,,,,,,,0.43593301323271616,0.33646753328430107,0.19729959062018518,0.6833723665914736
c3110,deepseek_demo,pooled,False,660,660,1.0,0.5181818181818182,,,,,,,,,,,,0.44242424242424244,0.20385769664308373,0.22292312068555478,0.7272727272727273
c3110,deepseek_demo,73,False,220,220,1.0,0.5136363636363637,,,,,,,,,,,,0.43636363636363634,0.1997566037266014,0.22172603225234805,0.7318181818181818
c3110,deepseek_demo,75,False,220,220,1.0,0.5,,,,,,,,,,,,0.4409090909090909,0.2127811656193303,0.225,0.7181818181818181
c3110,deepseek_demo,78,False,220,220,1.0,0.5409090909090909,,,,,,,,,,,,0.45,0.20401587246745526,0.2228341384863124,0.7318181818181818
c3110,deepseek_demo,seen,False,517,517,1.0,0.4990328820116054,,,,,,,,,,,,0.4526112185686654,0.19826955077660469,0.2262961265321591,0.7040618955512572
c3110,deepseek_demo,unseen,False,143,143,1.0,0.5874125874125874,,,,,,,,,,,,0.40559440559440557,0.22446778293226446,0.2112877583465819,0.8111888111888111
c3110,deepseek_demo,pooled,True,660,660,1.0,0.4408406845139725,,,,,,,,,,,,0.5016061154266575,0.16644739231797775,0.23951043488343857,0.6290202823317276
c3110,deepseek_demo,73,True,220,220,1.0,0.4507744308805486,,,,,,,,,,,,0.50009840920084,0.15322726393865743,0.23214622756097164,0.6231155964629385
c3110,deepseek_demo,75,True,220,220,1.0,0.34852391754164486,,,,,,,,,,,,0.5029449146349344,0.19567646179572182,0.2431577003251096,0.6234236644175469
c3110,deepseek_demo,78,True,220,220,1.0,0.5208453839352404,,,,,,,,,,,,0.5019729318391981,0.17203178526205357,0.24455884664383148,0.6411571870967432
c3110,deepseek_demo,seen,True,517,517,1.0,0.4171262546045599,,,,,,,,,,,,0.5332567367876622,0.15238259104894533,0.2521079106830479,0.5780655084586902
c3110,deepseek_demo,unseen,True,143,143,1.0,0.5234429329861733,,,,,,,,,,,,0.39136047595954376,0.21910971570734,0.196153598183845,0.8065062648488444
c3110,deepseek_history,pooled,False,660,660,1.0,0.11515151515151516,,,,,,,,,,,,0.6984848484848485,0.009788947896207168,0.5983075800395914,0.3303030303030303
c3110,deepseek_history,73,False,220,220,1.0,0.1,,,,,,,,,,,,0.7181818181818181,0.009449908291617062,0.592862661704767,0.3181818181818182
c3110,deepseek_history,75,False,220,220,1.0,0.22727272727272727,,,,,,,,,,,,0.65,0.02193845721405704,0.6422733077905491,0.38181818181818183
c3110,deepseek_history,78,False,220,220,1.0,0.01818181818181818,,,,,,,,,,,,0.7272727272727273,0.010882028410087681,0.5834074074074074,0.2909090909090909
c3110,deepseek_history,seen,False,517,517,1.0,0.10251450676982592,,,,,,,,,,,,0.7001934235976789,0.008315758683656083,0.5856558130911539,0.32688588007736946
c3110,deepseek_history,unseen,False,143,143,1.0,0.16083916083916083,,,,,,,,,,,,0.6923076923076923,0.020750986820279732,0.6678537360890302,0.34265734265734266
c3110,deepseek_history,pooled,True,660,660,1.0,0.1123980383726024,,,,,,,,,,,,0.7167025939785466,0.00728520804586537,0.6575024104249243,0.3040966953576997
c3110,deepseek_history,73,True,220,220,1.0,0.1363877227914897,,,,,,,,,,,,0.681335493582692,0.015451359946987394,0.5889107790283271,0.3425536936234602
c3110,deepseek_history,75,True,220,220,1.0,0.21209009363407438,,,,,,,,,,,,0.7096365354776107,0.01834104279875439,0.6753409185644454,0.31574451500092027
c3110,deepseek_history,78,True,220,220,1.0,-0.012875845303754158,,,,,,,,,,,,0.7632832055709877,0.01223605070718015,0.5825191064521714,0.24953308794957046
c3110,deepseek_history,seen,True,517,517,1.0,0.09461214427634841,,,,,,,,,,,,0.7127737141114916,0.005156853437777567,0.6098297567483439,0.3037434525240111
c3110,deepseek_history,unseen,True,143,143,1.0,0.17434997434791677,,,,,,,,,,,,0.7303876925550501,0.032364761881435465,0.6840919684181129,0.3053271129739286
c3110,deepseek_history1,pooled,False,660,660,1.0,0.19696969696969696,,,,,,,,,,,,0.6272727272727273,0.025700031692836137,0.4519422555652626,0.45151515151515154
c3110,deepseek_history1,73,False,220,220,1.0,0.21363636363636362,,,,,,,,,,,,0.6,0.03432164120722489,0.4354137869927344,0.4863636363636364
c3110,deepseek_history1,75,False,220,220,1.0,0.2818181818181818,,,,,,,,,,,,0.6181818181818182,0.036900577435144924,0.4807471264367817,0.4636363636363636
c3110,deepseek_history1,78,False,220,220,1.0,0.09545454545454546,,,,,,,,,,,,0.6636363636363637,0.02157476315706733,0.4381900161030596,0.40454545454545454
c3110,deepseek_history1,seen,False,517,517,1.0,0.16827852998065765,,,,,,,,,,,,0.6382978723404256,0.02239829985956734,0.44850157902110566,0.4274661508704062
c3110,deepseek_history1,unseen,False,143,143,1.0,0.3006993006993007,,,,,,,,,,,,0.5874125874125874,0.04601706986539875,0.480858505564388,0.5384615384615384
c3110,deepseek_history1,pooled,True,660,660,1.0,0.17395972646346103,,,,,,,,,,,,0.6809801734830001,0.016791786427058874,0.5700499524667485,0.37731877495624055
c3110,deepseek_history1,73,True,220,220,1.0,0.18624191947786561,,,,,,,,,,,,0.6171992220348647,0.023365803634383054,0.45021036502901124,0.44489242117642364
c3110,deepseek_history1,75,True,220,220,1.0,0.23298420439093936,,,,,,,,,,,,0.6940884406870166,0.027558119493335913,0.6381601996654809,0.3582455023177794
c3110,deepseek_history1,78,True,220,220,1.0,0.10194064933533621,,,,,,,,,,,,0.739464999467596,0.014194454445763938,0.4951872871813111,0.32047499174517297
c3110,deepseek_history1,seen,True,517,517,1.0,0.14991365964293218,,,,,,,,,,,,0.6900153705105597,0.01302097788498583,0.4855960996301527,0.36033812628430556
c3110,deepseek_history1,unseen,True,143,143,1.0,0.2577171346691748,,,,,,,,,,,,0.6495087194899383,0.03496225516708596,0.6239879734193751,0.43646587510481244
c3110,deepseek_history_repeat,pooled,False,132,132,1.0,0.16666666666666666,,,,,,,,,,,,0.7045454545454546,0.015361551748174308,0.6571081281902177,0.30303030303030304
c3110,deepseek_history_repeat,73,False,44,44,1.0,0.045454545454545456,,,,,,,,,,,,0.7727272727272727,0.005505730587579709,0.7590579710144927,0.22727272727272727
c3110,deepseek_history_repeat,75,False,44,44,1.0,0.29545454545454547,,,,,,,,,,,,0.6363636363636364,0.04238533299050622,0.5431286549707602,0.38636363636363635
c3110,deepseek_history_repeat,78,False,44,44,1.0,0.1590909090909091,,,,,,,,,,,,0.7045454545454546,0.012826960315013361,0.6158333333333333,0.29545454545454547
c3110,deepseek_history_repeat,seen,False,99,99,1.0,0.1717171717171717,,,,,,,,,,,,0.6767676767676768,0.016505528241351767,0.6266190127077224,0.3333333333333333
c3110,deepseek_history_repeat,unseen,False,33,33,1.0,0.15151515151515152,,,,,,,,,,,,0.7878787878787878,0.013764719050293153,0.8133971291866029,0.21212121212121213
c3110,deepseek_history_repeat,pooled,True,132,132,1.0,0.16604383136563358,,,,,,,,,,,,0.7477755300457536,0.019625405290360977,0.6837686174011176,0.2645855219320083
c3110,deepseek_history_repeat,73,True,44,44,1.0,0.017903701589563475,,,,,,,,,,,,0.8077524497843047,0.026914641130688713,0.8155698091921907,0.19224755021569528
c3110,deepseek_history_repeat,75,True,44,44,1.0,0.32058089042043525,,,,,,,,,,,,0.6549692368442891,0.05378533670863338,0.47679702257108536,0.38418327594118434
c3110,deepseek_history_repeat,78,True,44,44,1.0,0.1853774841889917,,,,,,,,,,,,0.7703564191909655,0.0286334221124747,0.6812431871400603,0.22964358080903446
c3110,deepseek_history_repeat,seen,True,99,99,1.0,0.18633752136633255,,,,,,,,,,,,0.7044851329369621,0.026710276787017595,0.6343514580709728,0.3122687271959421
c3110,deepseek_history_repeat,unseen,True,33,33,1.0,0.10893882061628475,,,,,,,,,,,,0.8695916508279268,0.007838423758650785,0.9200195986352052,0.1304083491720731
c3110,deepseek_matched_history,pooled,False,660,660,1.0,0.10757575757575757,,,,,,,,,,,,0.37424242424242427,0.008202302941010533,0.2043294470988993,0.8015151515151515
c3110,deepseek_matched_history,73,False,220,220,1.0,0.10454545454545454,,,,,,,,,,,,0.37727272727272726,0.009063798434038577,0.21748644338118023,0.7681818181818182
c3110,deepseek_matched_history,75,False,220,220,1.0,0.21363636363636362,,,,,,,,,,,,0.37272727272727274,0.020705504031485675,0.19189016602809708,0.8681818181818182
c3110,deepseek_matched_history,78,False,220,220,1.0,0.004545454545454545,,,,,,,,,,,,0.37272727272727274,0.007329354902672623,0.20640901771336556,0.7681818181818182
c3110,deepseek_matched_history,seen,False,517,517,1.0,0.09284332688588008,,,,,,,,,,,,0.38104448742746616,0.008660078785595595,0.2028416971233354,0.781431334622824
c3110,deepseek_matched_history,unseen,False,143,143,1.0,0.16083916083916083,,,,,,,,,,,,0.34965034965034963,0.010048374032793348,0.20956677265500795,0.8741258741258742
c3110,deepseek_matched_history,pooled,True,660,660,1.0,0.08506511821872687,,,,,,,,,,,,0.3599582409390759,0.004419227484531956,0.19173419145213716,0.7638251895534465
c3110,deepseek_matched_history,73,True,220,220,1.0,0.1262251188484968,,,,,,,,,,,,0.3630270329954463,0.009449218813967255,0.191603662460179,0.7389589151172796
c3110,deepseek_matched_history,75,True,220,220,1.0,0.13049451314987326,,,,,,,,,,,,0.387089230802517,0.01172685003216243,0.20945849607132624,0.7813794818653576
c3110,deepseek_matched_history,78,True,220,220,1.0,-0.005872315853022678,,,,,,,,,,,,0.32973979896854777,0.004658217489814651,0.16659273592946272,0.7743430083797516
c3110,deepseek_matched_history,seen,True,517,517,1.0,0.03487748161321334,,,,,,,,,,,,0.362365525864796,0.006669845478010279,0.17638354484405264,0.7391924435346056
c3110,deepseek_matched_history,unseen,True,143,143,1.0,0.2598790034758072,,,,,,,,,,,,0.3515731712436504,0.03065284169463831,0.24083819260689127,0.8496261223599019
c3110,deepseek_reversed_history,pooled,False,660,660,1.0,0.11515151515151516,,,,,,,,,,,,0.6621212121212121,0.009697958498004533,0.5557703801515327,0.37272727272727274
c3110,deepseek_reversed_history,73,False,220,220,1.0,0.06818181818181818,,,,,,,,,,,,0.7090909090909091,0.012626586790068426,0.5230813397129187,0.32272727272727275
c3110,deepseek_reversed_history,75,False,220,220,1.0,0.21818181818181817,,,,,,,,,,,,0.6318181818181818,0.02116841747650992,0.647669220945083,0.41818181818181815
c3110,deepseek_reversed_history,78,False,220,220,1.0,0.05909090909090909,,,,,,,,,,,,0.6454545454545455,0.005516485562136161,0.5317616747181966,0.37727272727272726
c3110,deepseek_reversed_history,seen,False,517,517,1.0,0.10251450676982592,,,,,,,,,,,,0.6615087040618955,0.007534634949356451,0.5618552231914613,0.3694390715667311
c3110,deepseek_reversed_history,unseen,False,143,143,1.0,0.16083916083916083,,,,,,,,,,,,0.6643356643356644,0.02210378614913443,0.5445429252782195,0.38461538461538464
c3110,deepseek_reversed_history,pooled,True,660,660,1.0,0.11475878893151185,,,,,,,,,,,,0.6789215933111171,0.0075984120000303,0.6187388996360369,0.3430005277380747
c3110,deepseek_reversed_history,73,True,220,220,1.0,0.11214200078596921,,,,,,,,,,,,0.6913893348250902,0.00957055662442344,0.4793783668258456,0.33282461182459694
c3110,deepseek_reversed_history,75,True,220,220,1.0,0.17317545767733428,,,,,,,,,,,,0.6907515488348818,0.017750516130487917,0.6644790708917515,0.33829732920009276
c3110,deepseek_reversed_history,78,True,220,220,1.0,0.06002416693452511,,,,,,,,,,,,0.6532819884964826,0.004136387661393072,0.6130612365400744,0.35903860089859635
c3110,deepseek_reversed_history,seen,True,517,517,1.0,0.0815919480921859,,,,,,,,,,,,0.6789194164011213,0.004271457171731868,0.5745482542925826,0.34034632474912524
c3110,deepseek_reversed_history,unseen,True,143,143,1.0,0.23028573343379224,,,,,,,,,,,,0.6789291759374363,0.033780652741552154,0.6438396572018437,0.35224566395371876
c3110,deepseek_shuffled_history,pooled,False,660,660,1.0,0.13636363636363635,,,,,,,,,,,,0.396969696969697,0.011561629480323956,0.20948618215756695,0.803030303030303
c3110,deepseek_shuffled_history,73,False,220,220,1.0,0.1409090909090909,,,,,,,,,,,,0.38636363636363635,0.016017484948086105,0.18523834839624315,0.8045454545454546
c3110,deepseek_shuffled_history,75,False,220,220,1.0,0.21818181818181817,,,,,,,,,,,,0.38181818181818183,0.02028720017482638,0.22522349936143043,0.8272727272727273
c3110,deepseek_shuffled_history,78,False,220,220,1.0,0.05,,,,,,,,,,,,0.42272727272727273,0.01016486095045255,0.2160064412238325,0.7772727272727272
c3110,deepseek_shuffled_history,seen,False,517,517,1.0,0.1218568665377176,,,,,,,,,,,,0.38878143133462284,0.008702667336755166,0.2026933450801595,0.8104448742746615
c3110,deepseek_shuffled_history,unseen,False,143,143,1.0,0.1888111888111888,,,,,,,,,,,,0.42657342657342656,0.03773873531838161,0.23515898251192371,0.7762237762237763
c3110,deepseek_shuffled_history,pooled,True,660,660,1.0,0.10950354678477152,,,,,,,,,,,,0.40485211012760197,0.006851606296880552,0.20120839136876567,0.7346767777636365
c3110,deepseek_shuffled_history,73,True,220,220,1.0,0.08024223321860018,,,,,,,,,,,,0.4551821054671752,0.013245782232876481,0.19433628806909536,0.6535358728949853
c3110,deepseek_shuffled_history,75,True,220,220,1.0,0.20771117406456932,,,,,,,,,,,,0.34898000390401973,0.0285529144200664,0.1935669876161028,0.8419946072373473
c3110,deepseek_shuffled_history,78,True,220,220,1.0,0.04532755860081074,,,,,,,,,,,,0.4036437797198583,0.007045376361912568,0.20910936486853177,0.7196046237658624
c3110,deepseek_shuffled_history,seen,True,517,517,1.0,0.10270520369733294,,,,,,,,,,,,0.4171920047711159,0.00486651541126745,0.20637157731721695,0.7135815388827066
c3110,deepseek_shuffled_history,unseen,True,143,143,1.0,0.13318357734224145,,,,,,,,,,,,0.36186971302347737,0.06207822757249775,0.1831454799624633,0.8081558438967577
c3110,hist_gradient_boosting,pooled,False,660,660,1.0,0.0030303030303030303,,,,,,,,,,,,0.7545454545454545,0.0021989014428739017,0.6715278467643105,0.26666666666666666
c3110,hist_gradient_boosting,73,False,220,220,1.0,-0.004545454545454545,,,,,,,,,,,,0.7772727272727272,0.004562289063020335,0.6540648591174907,0.2409090909090909
c3110,hist_gradient_boosting,75,False,220,220,1.0,0.12727272727272726,,,,,,,,,,,,0.7136363636363636,0.009331793809647092,0.7287037037037036,0.3090909090909091
c3110,hist_gradient_boosting,78,False,220,220,1.0,-0.11363636363636363,,,,,,,,,,,,0.7727272727272727,0.004999183486254589,0.6541191626409019,0.25
c3110,hist_gradient_boosting,seen,False,517,517,1.0,-0.01160541586073501,,,,,,,,,,,,0.7543520309477756,0.0014445927630277878,0.6625566816746241,0.26692456479690524
c3110,hist_gradient_boosting,unseen,False,143,143,1.0,0.055944055944055944,,,,,,,,,,,,0.7552447552447552,0.013953327275141566,0.7295826709062003,0.26573426573426573
c3110,hist_gradient_boosting,pooled,True,660,660,1.0,0.03847963851940531,,,,,,,,,,,,0.7629775111422056,0.0026246039514155072,0.7078674478471042,0.25499697786684505
c3110,hist_gradient_boosting,73,True,220,220,1.0,0.09536131648280778,,,,,,,,,,,,0.752224460844559,0.006589571887584357,0.6605757860468773,0.25742412562615574
c3110,hist_gradient_boosting,75,True,220,220,1.0,0.1272832713566872,,,,,,,,,,,,0.7300020887097488,0.015221745691377114,0.6933609847652391,0.2848017686642217
c3110,hist_gradient_boosting,78,True,220,220,1.0,-0.11287967903522353,,,,,,,,,,,,0.8075703191692487,0.005216463623195416,0.6431558546640664,0.22285767812591045
c3110,hist_gradient_boosting,seen,True,517,517,1.0,0.020560874190056283,,,,,,,,,,,,0.7630291407940388,0.0015576666719300995,0.6623808795686498,0.2551066592076603
c3110,hist_gradient_boosting,unseen,True,143,143,1.0,0.1008943889098503,,,,,,,,,,,,0.7627976744206162,0.014946730090505999,0.7296720716781709,0.2546149351442751
c3110,history3,pooled,False,660,660,1.0,-0.04393939393939394,,,,,,,,,,,,0.7333333333333333,0.0011997782289978158,0.6857756248215,0.3015151515151515
c3110,history3,73,False,220,220,1.0,-0.01818181818181818,,,,,,,,,,,,0.7636363636363637,0.001596942854327865,0.6539564061669324,0.2636363636363636
c3110,history3,75,False,220,220,1.0,0.06363636363636363,,,,,,,,,,,,0.7,0.011086851047414333,0.7340996168582375,0.33636363636363636
c3110,history3,78,False,220,220,1.0,-0.17727272727272728,,,,,,,,,,,,0.7363636363636363,0.007494670756958884,0.7031690821256038,0.30454545454545456
c3110,history3,seen,False,517,517,1.0,-0.05029013539651837,,,,,,,,,,,,0.7292069632495164,0.0011824936056364125,0.6783665356404862,0.3056092843326886
c3110,history3,unseen,False,143,143,1.0,-0.02097902097902098,,,,,,,,,,,,0.7482517482517482,0.008873236700296199,0.7336645468998411,0.2867132867132867
c3110,history3,pooled,True,660,660,1.0,-0.017786701603740303,,,,,,,,,,,,0.7362319598157093,0.001034409508968815,0.7265179631902392,0.2929550465720495
c3110,history3,73,True,220,220,1.0,0.05930727435842933,,,,,,,,,,,,0.7325402469611467,0.0033385108151797595,0.6533341481568915,0.29138316742735476
c3110,history3,75,True,220,220,1.0,0.06362061910699254,,,,,,,,,,,,0.7258781877939375,0.012635424577325662,0.7210070131591728,0.2996556676537071
c3110,history3,78,True,220,220,1.0,-0.18447940610817476,,,,,,,,,,,,0.750586632537428,0.01317813906203275,0.7611305229844352,0.2881008965889966
c3110,history3,seen,True,517,517,1.0,-0.03241108074659137,,,,,,,,,,,,0.7337347863100511,0.002841735062247105,0.7041846219427887,0.29238182397608903
c3110,history3,unseen,True,143,143,1.0,0.0331530259935052,,,,,,,,,,,,0.7449301299669848,0.004778754198202993,0.730081958458833,0.2949516990525129
c3110,last_observation,pooled,False,660,660,1.0,0.022727272727272728,,,,,,,,,,,,0.7212121212121212,0.0006887923103545877,0.6543051919890975,0.30757575757575756
c3110,last_observation,73,False,220,220,1.0,0.02727272727272727,,,,,,,,,,,,0.7318181818181818,0.003998660500068075,0.6416799574694312,0.3090909090909091
c3110,last_observation,75,False,220,220,1.0,0.15454545454545454,,,,,,,,,,,,0.6772727272727272,0.008977666376713506,0.6932630906768837,0.35454545454545455
c3110,last_observation,78,False,220,220,1.0,-0.11363636363636363,,,,,,,,,,,,0.7545454545454545,0.00465086092895749,0.6521545893719807,0.2590909090909091
c3110,last_observation,seen,False,517,517,1.0,0.009671179883945842,,,,,,,,,,,,0.7214700193423598,0.0007370904308362366,0.6353513265321666,0.3036750483558994
c3110,last_observation,unseen,False,143,143,1.0,0.06993006993006994,,,,,,,,,,,,0.7202797202797203,0.0017944701218133477,0.7410890302066773,0.32167832167832167
c3110,last_observation,pooled,True,660,660,1.0,0.05177052483068279,,,,,,,,,,,,0.7342926985200758,0.0015282008931280843,0.7058960837955569,0.2963367645441121
c3110,last_observation,73,True,220,220,1.0,0.09207795851572152,,,,,,,,,,,,0.6748759440918402,0.006340022678492756,0.621027778605549,0.37397000862137086
c3110,last_observation,75,True,220,220,1.0,0.1699696245765305,,,,,,,,,,,,0.7316567770240743,0.010419040561603587,0.7156056011163361,0.29589581200074233
c3110,last_observation,78,True,220,220,1.0,-0.11004552713498285,,,,,,,,,,,,0.8034319282054954,0.00463967291384388,0.6600033131064135,0.2098352741965083
c3110,last_observation,seen,True,517,517,1.0,0.043641403781174065,,,,,,,,,,,,0.7356949840321185,0.0024952567887517765,0.6516770744083928,0.2894249024732317
c3110,last_observation,unseen,True,143,143,1.0,0.0800859293905703,,,,,,,,,,,,0.7294082489787124,0.0018010196175575835,0.7465883201433388,0.3204122051246097
c6120,conditional_donor,pooled,False,595,595,1.0,-0.3085714285714286,4.256806722689076,9.078760882392698,1.24672268907563,1.0,2.3,2.0,0.4021310433329571,0.2689075630252101,0.2773109243697479,0.7294117647058823,0.7495798319327731,,,,
c6120,conditional_donor,73,False,201,201,1.0,-0.5930348258706467,4.686567164179104,11.499011421926323,1.9333333333333325,0.8,2.2,2.0,0.4920449317849955,0.24378109452736318,0.263681592039801,0.7313432835820896,0.7611940298507462,,,,
c6120,conditional_donor,75,False,199,199,1.0,-0.2914572864321608,4.496482412060301,8.697357075600754,1.3728643216080403,1.0,2.5,2.2,0.3437727262052788,0.25125628140703515,0.3065326633165829,0.7236180904522613,0.7386934673366834,,,,
c6120,conditional_donor,78,False,195,195,1.0,-0.032820512820512814,3.5692307692307694,6.16498799050549,0.8051282051282048,1.0,2.3,2.0,0.35786307873815915,0.3128205128205128,0.26153846153846155,0.7333333333333333,0.7487179487179487,,,,
c6120,conditional_donor,seen,False,466,466,1.0,-0.4429184549356223,4.049356223175966,9.125900508214897,1.160515021459228,1.0,2.5,2.1,0.40562599220355444,0.26824034334763946,0.26824034334763946,0.7296137339055794,0.7274678111587983,,,,
c6120,conditional_donor,unseen,False,129,129,1.0,0.1767441860465117,5.006201550387597,8.906395228654086,1.6682170542635664,1.0810810810810811,2.0,2.0,0.3896605679578638,0.2713178294573643,0.31007751937984496,0.7286821705426356,0.8294573643410853,,,,
c6120,conditional_donor,pooled,True,595,595,1.0,-0.4163001908071732,3.597183452542744,8.151503017779937,1.020278345913352,0.7797891342866201,2.5,2.0,0.4021310433329571,0.2675903200975031,0.29092608140832954,0.710995375904785,0.734339266909058,,,,
c6120,conditional_donor,73,True,201,201,1.0,-0.6767550273611191,3.9811513743839475,10.632515566077883,1.625958527780568,0.7,2.5108700857359127,2.0,0.4920449317849955,0.22419710076912935,0.28814787728360863,0.6535254857782558,0.7177005559433662,,,,
c6120,conditional_donor,75,True,199,199,1.0,-0.30834856905385977,3.6805334040704496,7.519727149403193,1.5540033989212954,0.875,2.0,2.0,0.3437727262052788,0.2948782553613808,0.30874306154325576,0.7675402041639795,0.7358400380064312,,,,
c6120,conditional_donor,78,True,195,195,1.0,-0.22469442814802068,3.064646371503904,4.738525467198646,0.7590377597502416,1.1111111111111112,2.5,2.0,0.35786307873815915,0.2899197730516664,0.27578391705263156,0.7195264472938225,0.752143715635309,,,,
c6120,conditional_donor,seen,True,466,466,1.0,-0.7176071650173357,3.1550176110185673,7.841361246165255,0.9462959380604821,0.76,2.5,2.0,0.40562599220355444,0.2744936918094203,0.2979383271864226,0.7163493545889794,0.7145735966263146,,,,
c6120,conditional_donor,unseen,True,129,129,1.0,0.7004779437799465,5.236047421655808,9.210384364670709,1.6242302534680797,0.9922283247032595,1.990362650995164,2.0,0.3896605679578638,0.2420033432178411,0.2649355686435541,0.6911511411563944,0.8075996633704751,,,,
c6120,country_previous,pooled,False,595,595,1.0,-0.9026890756302521,4.452605042016807,9.591299453675921,3.6936134453781504,0.15999999999999998,2.3,2.5,0.1458628742259804,0.2689075630252101,0.03361344537815126,0.7294117647058823,0.4470588235294118,,,,
c6120,country_previous,73,False,201,201,1.0,-1.1139303482587066,5.307960199004975,12.568152517830248,4.509950248756217,0.27999999999999997,2.2,2.5,0.18403388588817599,0.24378109452736318,0.09950248756218906,0.7313432835820896,0.44776119402985076,,,,
c6120,country_previous,75,False,199,199,1.0,-1.241708542713568,4.333165829145728,8.278533723010076,3.678894472361809,0.1,2.5,2.5,0.1847937415941347,0.25125628140703515,0.0,0.7236180904522613,0.27638190954773867,,,,
c6120,country_previous,78,False,195,195,1.0,-0.33897435897435896,3.692820512820513,6.923727319876195,2.884615384615384,0.2,2.3,2.6,0.10351582868575068,0.3128205128205128,0.0,0.7333333333333333,0.6205128205128205,,,,
c6120,country_previous,seen,False,466,466,1.0,-0.9939914163090129,4.287124463519313,9.570131916159978,3.550214592274679,0.15999999999999998,2.5,2.5,0.1413030747375645,0.26824034334763946,0.032188841201716736,0.7296137339055794,0.44420600858369097,,,,
c6120,country_previous,unseen,False,129,129,1.0,-0.5728682170542636,5.050387596899225,9.667379016789585,4.211627906976744,0.21621621621621623,2.0,2.5,0.17318080351947793,0.2713178294573643,0.03875968992248062,0.7286821705426356,0.4573643410852713,,,,
c6120,country_previous,pooled,True,595,595,1.0,-0.7897559229132853,3.5650212169890296,7.788404631021087,3.054312862882542,0.10260383345876581,2.5,2.5,0.1458628742259804,0.2675903200975031,0.005962447076073089,0.710995375904785,0.3603668156574446,,,,
c6120,country_previous,73,True,201,201,1.0,-1.088723980715062,4.121398032867135,10.281553241732782,3.531158153580733,0.18,2.5108700857359127,2.5,0.18403388588817599,0.22419710076912935,0.016375443106660257,0.6535254857782558,0.12477784451428837,,,,
c6120,country_previous,75,True,199,199,1.0,-0.6259454768254895,3.750055314171391,7.062615461979231,3.327062859157895,0.375,2.0,2.5,0.1847937415941347,0.2948782553613808,0.0,0.7675402041639795,0.4457114751837159,,,,
c6120,country_previous,78,True,195,195,1.0,-0.6109597129933022,2.727099557333485,4.4019010280143105,2.335663934690299,0.1111111111111111,2.5,2.6,0.10351582868575068,0.2899197730516664,0.0,0.7195264472938225,0.5463646861802168,,,,
c6120,country_previous,seen,True,466,466,1.0,-1.116310344016022,3.3615773779236937,7.780329334881104,2.8578320290527,0.1,2.5,2.5,0.1413030747375645,0.2744936918094203,0.005816593132196946,0.7163493545889794,0.351157065661893,,,,
c6120,country_previous,unseen,True,129,129,1.0,0.42060051903856716,4.319074891585207,7.818262534178088,3.782558532143274,0.2571428571428571,1.990362650995164,2.5,0.17318080351947793,0.2420033432178411,0.0065030468938873315,0.6911511411563944,0.39450225990664356,,,,
c6120,deepseek_demo,pooled,False,595,595,1.0,-0.6957983193277311,4.628571428571429,9.76083926684982,3.823529411764705,0.2,2.3,3.0,-0.040855649881589455,0.2689075630252101,0.0016806722689075631,0.7294117647058823,0.9361344537815126,,,,
c6120,deepseek_demo,73,False,201,201,1.0,-0.7114427860696517,5.5890547263681585,12.739264332032405,4.755223880597013,0.2,2.2,3.0,-0.1414268396824701,0.24378109452736318,0.0,0.7313432835820896,0.9203980099502488,,,,
c6120,deepseek_demo,75,False,199,199,1.0,-0.9608040201005025,4.480402010050252,8.465157675575913,3.6623115577889447,0.2,2.5,3.0,0.01117587489061986,0.25125628140703515,0.005025125628140704,0.7236180904522613,0.9346733668341709,,,,
c6120,deepseek_demo,78,False,195,195,1.0,-0.4092307692307693,3.7897435897435896,7.092010672906195,3.0389743589743583,0.2,2.3,3.0,0.00887211456159593,0.3128205128205128,0.0,0.7333333333333333,0.9538461538461539,,,,
c6120,deepseek_demo,seen,False,466,466,1.0,-0.782618025751073,4.447854077253219,9.690392791128332,3.6409871244635204,0.2,2.5,3.0,-0.02766775229392064,0.26824034334763946,0.002145922746781116,0.7296137339055794,0.9334763948497854,,,,
c6120,deepseek_demo,unseen,False,129,129,1.0,-0.382170542635659,5.281395348837209,10.011191412033439,4.482945736434109,0.21621621621621623,2.0,3.0,-0.09296031478926108,0.2713178294573643,0.0,0.7286821705426356,0.9457364341085271,,,,
c6120,deepseek_demo,pooled,True,595,595,1.0,-0.45290518007697356,3.671543548061289,7.914189154699488,2.882720224743565,0.20520766691753076,2.5,2.5,-0.040855649881589455,0.26759032009750305,0.00408844877049698,0.7109953759047849,0.892487009936391,,,,
c6120,deepseek_demo,73,True,201,201,1.0,-0.528284780971551,4.32508219395529,10.407917631059396,3.3968115088332724,0.2,2.524118434596081,2.5,-0.1414268396824701,0.22419710076912935,0.0,0.6535254857782558,0.8760369708273807,,,,
c6120,deepseek_demo,75,True,199,199,1.0,-0.2637214499113807,3.832564952044553,7.229993790452514,3.1650483725701433,0.25,2.0,2.0,0.01117587489061986,0.2948782553613809,0.012664242242886242,0.7675402041639796,0.884515436909702,,,,
c6120,deepseek_demo,78,True,195,195,1.0,-0.5603251369440002,2.7453779049258857,4.492015131044739,2.0065149706884156,0.2222222222222222,2.5,3.0,0.00887211456159593,0.2899197730516664,0.0,0.7195264472938224,0.9198401967566459,,,,
c6120,deepseek_demo,seen,True,466,466,1.0,-0.7825477546451696,3.456718614750137,7.837706063716367,2.651654351265859,0.2,2.5,2.0,-0.02766775229392064,0.27449369180942024,0.005191513103599398,0.7163493545889793,0.8960711612706663,,,,
c6120,deepseek_demo,unseen,True,129,129,1.0,0.7688973370130834,4.467780637876182,8.191443382529554,3.8434416002615435,0.2857142857142857,1.9903626509951633,2.806017526634384,-0.09296031478926108,0.24200334321784112,0.0,0.6911511411563944,0.8792025453080411,,,,
c6120,deepseek_history,pooled,False,593,595,0.9966386554621849,0.42698145025295114,3.214839797639123,7.8336154614138325,1.2644182124789212,0.8,2.5,2.5,0.6021586138047904,0.26644182124789206,0.15008431703204048,0.7284991568296796,0.8381112984822934,,,,
c6120,deepseek_history,73,False,200,201,0.9950248756218906,1.6684999999999999,4.0065,10.845637371773039,1.7965000000000002,0.8,2.2500000000000004,3.0,0.5966177183401463,0.24,0.105,0.73,0.84,,,,
c6120,deepseek_history,75,False,198,199,0.9949748743718593,-0.47020202020202023,3.3752525252525256,6.967011010773732,1.725757575757576,0.6,2.5,2.2,0.5450966392272829,0.2474747474747475,0.15151515151515152,0.7222222222222222,0.8383838383838383,,,,
c6120,deepseek_history,78,False,195,195,1.0,0.06461538461538462,2.24,4.084630353924958,0.7907692307692307,0.8,2.3,2.5,0.6765880368359644,0.3128205128205128,0.19487179487179487,0.7333333333333333,0.8358974358974359,,,,
c6120,deepseek_history,seen,False,464,466,0.9957081545064378,0.3480603448275862,3.141594827586207,8.108059262240257,1.191594827586207,0.8,2.5,2.5,0.60496780776434,0.2650862068965517,0.14439655172413793,0.728448275862069,0.8318965517241379,,,,
c6120,deepseek_history,unseen,False,129,129,1.0,0.7108527131782945,3.4782945736434105,6.754906342054084,1.865891472868217,0.8648648648648649,2.0,2.0,0.5934297097180309,0.2713178294573643,0.17054263565891473,0.7286821705426356,0.8604651162790697,,,,
c6120,deepseek_history,pooled,True,593,595,0.9966386554621849,0.4119142565463556,2.8454499210022095,7.094361142039587,1.1197912213924104,0.6033866151377933,2.5,2.0,0.6021586138047904,0.26577473889384284,0.1799875921433269,0.7102789580614982,0.8332091782950162,,,,
c6120,deepseek_history,73,True,200,201,0.9950248756218906,1.133942551304706,3.6313903225628494,9.512863918692632,1.5613388150212693,0.7963264044487669,2.5,2.0,0.5966177183401463,0.2221796207499643,0.1544149161649172,0.6526244767587156,0.806419146293557,,,,
c6120,deepseek_history,75,True,198,199,0.9949748743718593,-0.1670872458694795,3.094564801711613,6.7349073081857185,1.8895342393222576,0.5,2.0,2.0,0.5450966392272829,0.29152416232610334,0.1753978001645166,0.7664344493235935,0.8367115909237058,,,,
c6120,deepseek_history,78,True,195,195,1.0,0.16857615021398403,1.6780333598266164,2.9729737114865973,0.5260300919787193,0.8595014916401055,2.5,3.0,0.6765880368359644,0.2899197730516665,0.21436414950118082,0.7195264472938225,0.8606925133045868,,,,
c6120,deepseek_history,seen,True,464,466,0.9957081545064378,0.11969671537654958,2.479943646752758,6.592249657844663,0.9662389730020872,0.6,2.5,2.453319625211409,0.60496780776434,0.2722084679592746,0.17666222566341244,0.7154559023712873,0.8271749715254112,,,,
c6120,deepseek_history,unseen,True,129,129,1.0,1.4916020587478425,4.195925543907835,8.701806607481414,2.307630993693749,1.1428571428571428,1.9903626509951633,2.0,0.5934297097180309,0.24200334321784112,0.19227418387851317,0.6911511411563945,0.8555044156685947,,,,
c6120,deepseek_history1,pooled,False,592,595,0.9949579831932773,0.5268581081081081,3.8278716216216213,8.396177339653976,1.2471283783783784,0.7,2.5,2.5,0.5553079923393042,0.2668918918918919,0.04222972972972973,0.7297297297297297,0.8125,,,,
c6120,deepseek_history1,73,False,200,201,0.9950248756218906,1.5445000000000002,4.4255,10.595614658904882,1.7325000000000002,0.8,2.2500000000000004,2.9500000000000006,0.5961593014579517,0.24,0.05,0.73,0.84,,,,
c6120,deepseek_history1,75,False,197,199,0.9899497487437185,-0.44822335025380694,4.076649746192894,8.128851293402642,1.709137055837564,0.5699999999999998,2.5,2.3,0.4637775898213197,0.24873096446700507,0.025380710659898477,0.7258883248730964,0.7969543147208121,,,,
c6120,deepseek_history1,78,False,195,195,1.0,0.4682051282051283,2.9635897435897434,5.667129694506644,1.12051282051282,0.575,2.3,2.5,0.6110182047913683,0.3128205128205128,0.05128205128205128,0.7333333333333333,0.8,,,,
c6120,deepseek_history1,seen,False,463,466,0.9935622317596566,0.39978401727861784,3.661987041036717,8.4358371091541,1.161771058315335,0.7,2.5,2.5,0.5734424529750071,0.265658747300216,0.04103671706263499,0.7300215982721382,0.8142548596112311,,,,
c6120,deepseek_history1,unseen,False,129,129,1.0,0.9829457364341084,4.423255813953489,8.25226302060473,2.015503875968993,0.5405405405405406,2.0,2.0,0.4817523153020403,0.2713178294573643,0.046511627906976744,0.7286821705426356,0.8062015503875969,,,,
c6120,deepseek_history1,pooled,True,592,595,0.9949579831932773,0.5330238995762387,3.1514050032314236,7.192443279106109,1.2718620049846128,0.5599999999999999,2.5,2.0,0.5553079923393042,0.2602089588176635,0.06824299097875776,0.7082915696683084,0.7777607303528075,,,,
c6120,deepseek_history1,73,True,200,201,0.9950248756218906,1.261982578869191,3.7945788399621194,9.119683712466975,1.6882837494596612,0.6558328977221268,2.597042187678677,2.196276833654352,0.5961593014579517,0.2049220414451934,0.06922123927325495,0.6449172209438797,0.7949909782471551,,,,
c6120,deepseek_history1,75,True,197,199,0.9899497487437185,-0.09949418033284425,3.557934841323834,7.344036070823547,1.9864207414335366,0.5,2.0,2.0,0.4637775898213197,0.29240247687971777,0.0625402096900203,0.7674363389815838,0.7224667259175729,,,,
c6120,deepseek_history1,78,True,195,195,1.0,0.35475891020100536,2.0043469078380056,3.713822398195686,0.7689580760108429,0.4986826487517837,2.5,2.5,0.6110182047913683,0.2899197730516664,0.0729843191691433,0.7195264472938224,0.8149426635364999,,,,
c6120,deepseek_history1,seen,True,463,466,0.9935622317596566,0.23929642540534315,2.8248922535781595,6.803821190038552,1.0443814922398231,0.6,2.5,2.0,0.5734424529750071,0.26518682179030956,0.07430831633478184,0.7129781842986634,0.8017599926052212,,,,
c6120,deepseek_history1,unseen,True,129,129,1.0,1.6072779550307896,4.345565156151133,8.463115350343587,2.4720034911980227,0.7142857142857143,1.9903626509951633,2.0,0.4817523153020403,0.24200334321784103,0.04606018230635813,0.6911511411563943,0.6899878555975747,,,,
c6120,deepseek_history_repeat,pooled,False,122,123,0.991869918699187,0.1245901639344262,2.8901639344262295,5.21903828839545,1.4262295081967213,0.7,2.400000000000001,3.0,0.5489064470280773,0.30327868852459017,0.1557377049180328,0.6967213114754098,0.8442622950819673,,,,
c6120,deepseek_history_repeat,73,False,42,42,1.0,0.9619047619047618,2.8666666666666667,5.076462960613048,1.342857142857143,1.0,2.0,3.0,0.3921626636277426,0.35714285714285715,0.23809523809523808,0.7619047619047619,0.8333333333333334,,,,
c6120,deepseek_history_repeat,75,False,40,40,1.0,-0.16000000000000006,4.055000000000001,7.026023057178221,1.94,0.7333333333333333,3.0,3.0,0.4493006581512958,0.225,0.05,0.7,0.85,,,,
c6120,deepseek_history_repeat,78,False,40,41,0.975609756097561,-0.4699999999999999,1.75,2.5793410011086166,1.19,0.7,2.3500000000000005,2.2500000000000004,0.7984030601524585,0.325,0.175,0.625,0.85,,,,
c6120,deepseek_history_repeat,seen,False,92,93,0.989247311827957,-0.3097826086956522,2.507608695652174,3.901072873610206,0.9423913043478259,0.7,2.6,3.0,0.6164626573856223,0.2826086956521739,0.16304347826086957,0.6847826086956522,0.8260869565217391,,,,
c6120,deepseek_history_repeat,unseen,False,30,30,1.0,1.456666666666667,4.0633333333333335,8.006226743395834,2.923333333333333,0.875,0.8999999999999999,2.0,0.2991178563811502,0.36666666666666664,0.13333333333333333,0.7333333333333333,0.9,,,,
c6120,deepseek_history_repeat,pooled,True,122,123,0.991869918699187,-0.03069152861690334,3.439827918391659,7.24469870898407,1.983412869593325,0.9794172292822914,2.4202289832515946,3.0,0.5489064470280773,0.26649727351490987,0.2227287400053777,0.6782562886891835,0.8825287713190061,,,,
c6120,deepseek_history_repeat,73,True,42,42,1.0,-1.1738533463402192,2.9204469819842194,5.790872425480805,1.527731561485213,0.9972587322176484,2.7740938923684975,3.0,0.3921626636277426,0.3319491602557483,0.3614414232734665,0.6742515513336088,0.8687595029919133,,,,
c6120,deepseek_history_repeat,75,True,40,40,1.0,1.482724716237652,6.137912617064929,11.048433998850738,3.84254382459031,0.784097020052986,3.0,3.0,0.4493006581512958,0.12271534145708834,0.008020768705199927,0.7977341383952642,0.8447927643085985,,,,
c6120,deepseek_history_repeat,78,True,40,41,0.975609756097561,-0.09904291084446948,1.2824994066938609,2.073011896180377,0.8465269513819564,1.1035661861349197,2.0638335982986376,2.0,0.7984030601524585,0.33083219035769496,0.26388005528649483,0.557265022946508,0.9408936489768275,,,,
c6120,deepseek_history_repeat,seen,True,92,93,0.989247311827957,-0.6522219886442254,2.1691371662827352,3.755727462751538,1.0397299077019135,0.9423263178546516,3.0,3.0,0.6164626573856223,0.2778246532907571,0.22535507294910456,0.6945130803486019,0.8877226839034701,,,,
c6120,deepseek_history_repeat,unseen,True,30,30,1.0,1.9263152856034413,7.4408393258368,13.16559619254681,4.995603853853646,0.9589778359065839,1.8605643536787964,2.125132826449173,0.2991178563811502,0.23083086481207596,0.214459231432847,0.6270686895271987,0.866174750118155,,,,
c6120,deepseek_matched_history,pooled,False,578,595,0.9714285714285714,0.4237024221453287,6.084256055363322,12.000221307071179,1.3842560553633216,0.8,2.5,2.5,0.041325317684055125,0.2664359861591695,0.15397923875432526,0.726643598615917,0.8460207612456747,,,,
c6120,deepseek_matched_history,73,False,194,201,0.9651741293532339,1.7664948453608247,8.193298969072165,16.6452603080171,1.9603092783505165,0.8,2.4,3.0,0.060195224127341976,0.2422680412371134,0.14948453608247422,0.7319587628865979,0.8556701030927835,,,,
c6120,deepseek_matched_history,75,False,193,199,0.9698492462311558,-0.8419689119170986,5.3849740932642485,8.979057383856652,1.9507772020725405,0.6,2.5,2.0,-0.004410426504293053,0.24352331606217617,0.12953367875647667,0.7202072538860104,0.8134715025906736,,,,
c6120,deepseek_matched_history,78,False,191,195,0.9794871794871794,0.3387434554973822,4.64869109947644,8.538238596139566,0.9366492146596855,0.8247422680412372,2.2,3.0,0.06619845084618019,0.31413612565445026,0.18324607329842932,0.7277486910994765,0.8691099476439791,,,,
c6120,deepseek_matched_history,seen,False,452,466,0.9699570815450643,0.2876106194690265,5.902212389380531,12.018980196162742,1.2075221238938068,0.8,2.5,2.5,0.05999236865418346,0.26548672566371684,0.1504424778761062,0.7278761061946902,0.8561946902654868,,,,
c6120,deepseek_matched_history,unseen,False,126,129,0.9767441860465116,0.911904761904762,6.737301587301587,11.932684871979493,2.2055555555555557,0.8888888888888888,2.0,2.5,-0.034663903868185936,0.2698412698412698,0.16666666666666666,0.7222222222222222,0.8095238095238095,,,,
c6120,deepseek_matched_history,pooled,True,578,595,0.9714285714285714,0.3164493762547229,4.822739463255932,9.673939071584908,1.0814421633762414,0.6666666666666666,2.5,2.0,0.041325317684055125,0.2651713973530916,0.1891866379934122,0.7059935242263671,0.8535050921444403,,,,
c6120,deepseek_matched_history,73,True,194,201,0.9651741293532339,1.1267498829181515,6.207024636132652,13.353315825052746,1.5154726560290406,0.8,2.501927944433364,3.0,0.060195224127341976,0.22832497674369637,0.18531087244326067,0.6449308055107673,0.8460288070595902,,,,
c6120,deepseek_matched_history,75,True,193,199,0.9698492462311558,-0.3579206981291469,4.554656723779441,7.811097131296648,2.1055277062766082,0.5,2.0,2.0,-0.004410426504293053,0.2811976432255782,0.15860812992933745,0.7627367722374427,0.7850703002000812,,,,
c6120,deepseek_matched_history,78,True,191,195,0.9794871794871794,0.07762271921502559,3.5215354225905675,5.502402271759885,0.4494506226593072,0.9385433851109124,2.5,2.0,0.06619845084618019,0.2908231742011832,0.2244855705747328,0.7180052877762091,0.9311440356010506,,,,
c6120,deepseek_matched_history,seen,True,452,466,0.9699570815450643,-0.07764710745038417,4.574036697551019,9.492550385350068,0.8790650444509358,0.6,2.5,2.0,0.05999236865418346,0.2709650112860374,0.17476752524487615,0.7115031785034507,0.8602137146955844,,,,
c6120,deepseek_matched_history,unseen,True,126,129,0.9767441860465116,1.7716645976212633,5.741083232393841,10.316128535140209,2.25566799223936,0.8891969351450909,1.943339062897072,2.0,-0.034663903868185936,0.24377827274898412,0.2424297224101994,0.6856489307067791,0.8287332658164167,,,,
c6120,deepseek_reversed_history,pooled,False,593,595,0.9966386554621849,0.18954468802698146,3.3433389544688024,8.317664414686716,1.437099494097808,0.8,2.5,2.4,0.6289282417372261,0.26644182124789206,0.16694772344013492,0.7284991568296796,0.8397976391231029,,,,
c6120,deepseek_reversed_history,73,False,200,201,0.9950248756218906,0.9495,4.2315,11.829296259710466,2.0735,0.8,2.2500000000000004,2.7500000000000027,0.6452100239391312,0.24,0.175,0.73,0.85,,,,
c6120,deepseek_reversed_history,75,False,199,199,1.0,-0.3989949748743718,3.290452261306533,6.4804848134291175,1.7648241206030155,0.6,2.5,2.0,0.5585772467115522,0.25125628140703515,0.15577889447236182,0.7236180904522613,0.8291457286432161,,,,
c6120,deepseek_reversed_history,78,False,194,195,0.9948717948717949,0.009793814432989684,2.481958762886598,4.912665096514871,0.8407216494845355,0.8,2.4,2.45,0.6786059388793068,0.30927835051546393,0.17010309278350516,0.7319587628865979,0.8402061855670103,,,,
c6120,deepseek_reversed_history,seen,False,464,466,0.9957081545064378,0.21293103448275857,3.216810344827586,8.51642176357961,1.2168103448275853,0.8,2.5,2.5,0.65471144509577,0.2650862068965517,0.16810344827586207,0.728448275862069,0.8448275862068966,,,,
c6120,deepseek_reversed_history,unseen,False,129,129,1.0,0.10542635658914733,3.798449612403101,7.559674739732037,2.3612403100775197,0.8648648648648649,2.0,2.0,0.5388107348147173,0.2713178294573643,0.16279069767441862,0.7286821705426356,0.8217054263565892,,,,
c6120,deepseek_reversed_history,pooled,True,593,595,0.9966386554621849,0.6948659499444679,3.078624677173404,7.41516815151653,0.8681217246060229,0.8043468577784846,2.5,2.0,0.6289282417372261,0.2658174243090151,0.20247116836118106,0.7102958014794712,0.8294933272648359,,,,
c6120,deepseek_reversed_history,73,True,200,201,0.9950248756218906,1.2718350524252509,3.61757770315635,9.723414183925744,1.4239257731321577,0.8994934679698101,2.5,2.5,0.6452100239391312,0.22387865940567464,0.20574809073909572,0.6533832694797339,0.8091645995775514,,,,
c6120,deepseek_reversed_history,75,True,199,199,1.0,0.24935745085701405,3.4533469126206207,7.133324588288065,1.490331228466672,0.8129788992478633,2.0,2.0,0.5585772467115522,0.29487825536138085,0.21055532978163027,0.7675402041639796,0.8081765716882233,,,,
c6120,deepseek_reversed_history,78,True,194,195,0.9948717948717949,0.4819638546205152,2.0582291006602493,3.593919761565319,0.6765183194156383,0.8888888888888888,2.5,2.5,0.6786059388793068,0.28474391565486284,0.1902362444606722,0.7174820429331761,0.8754424992298888,,,,
c6120,deepseek_reversed_history,seen,True,464,466,0.9957081545064378,0.42665144424903534,2.7944456910359476,7.076943623176222,0.7333214777674562,0.6,2.5,2.2,0.65471144509577,0.2722622300692498,0.20487397061913307,0.7154769217022303,0.8390840429665856,,,,
c6120,deepseek_reversed_history,unseen,True,129,129,1.0,1.6859403478527053,4.128689127841736,8.549648152722927,2.4092892254429765,1.2065994430664548,1.9903626509951633,2.0,0.5388107348147173,0.24200334321784112,0.19359261872823735,0.6911511411563945,0.7940548532532392,,,,
c6120,deepseek_shuffled_history,pooled,False,580,595,0.9747899159663865,0.1644827586206897,6.207586206896552,12.603793900633855,1.2082758620689669,0.8,2.5,2.5,0.07794492347415702,0.2672413793103448,0.15689655172413794,0.7310344827586207,0.8482758620689655,,,,
c6120,deepseek_shuffled_history,73,False,194,201,0.9651741293532339,0.5989690721649483,7.977319587628865,17.432337529791504,1.598969072164948,0.8,2.4,3.0,0.03796992570459351,0.24742268041237114,0.12886597938144329,0.7422680412371134,0.8350515463917526,,,,
c6120,deepseek_shuffled_history,75,False,195,199,0.9798994974874372,-0.5671794871794872,5.523076923076923,9.447490509287475,1.7897435897435887,0.6,2.5,2.0,0.03960089255493376,0.24615384615384617,0.13333333333333333,0.7230769230769231,0.8307692307692308,,,,
c6120,deepseek_shuffled_history,78,False,191,195,0.9794871794871794,0.47015706806282714,5.10890052356021,9.088730724254651,0.8806282722513095,0.9497487437185932,2.3,2.5,0.14909286055023063,0.3089005235602094,0.2094240837696335,0.7277486910994765,0.8795811518324608,,,,
c6120,deepseek_shuffled_history,seen,False,457,466,0.98068669527897,0.37877461706783366,5.913129102844639,12.0997413936956,1.211597374179433,0.8,2.5,2.5,0.06423434644396252,0.26695842450765866,0.15536105032822758,0.7308533916849015,0.838074398249453,,,,
c6120,deepseek_shuffled_history,unseen,False,123,129,0.9534883720930233,-0.6317073170731707,7.301626016260162,14.322008193657304,2.6479674796747985,0.8205128205128208,2.0,2.5,0.135025540836746,0.2682926829268293,0.16260162601626016,0.7317073170731707,0.8861788617886179,,,,
c6120,deepseek_shuffled_history,pooled,True,580,595,0.9747899159663865,0.622772105241295,5.197032474984571,10.987034142534824,1.2096689650221413,0.6,2.5,2.0,0.07794492347415702,0.2725691253239769,0.16864021549970948,0.725414685594569,0.8144508870399272,,,,
c6120,deepseek_shuffled_history,73,True,194,201,0.9651741293532339,1.821516163906198,6.72542280881883,15.67095368648062,2.0493759367325852,0.7,2.5,3.0,0.03796992570459351,0.23673833136951017,0.12299560293400749,0.6894257395545622,0.7727842925074463,,,,
c6120,deepseek_shuffled_history,75,True,195,199,0.9798994974874372,-0.2586094053055634,4.828878235228096,8.141569958131734,1.9144615083839907,0.5,2.0,2.0,0.03960089255493376,0.29701184547709286,0.15792731902396756,0.7763364271885975,0.7931285608719353,,,,
c6120,deepseek_shuffled_history,78,True,191,195,0.9794871794871794,0.19505603423061632,3.8661093478950472,6.10760038345866,0.5260796578389211,0.6834620299361938,2.5,2.5,0.14909286055023063,0.28733118088794973,0.23095670464538204,0.7128241896075705,0.8833375538485321,,,,
c6120,deepseek_shuffled_history,seen,True,457,466,0.98068669527897,0.5720274716170219,5.14620003192874,11.213933802208885,1.0646786253552207,0.7,2.5,2.5,0.06423434644396252,0.27854655493557223,0.1636833298254288,0.7321038492580731,0.8003372581251768,,,,
c6120,deepseek_shuffled_history,unseen,True,123,129,0.9534883720930233,0.81417092907828,5.388762498807081,10.08537865025599,2.585404286870777,0.5714285714285714,2.0,2.0,0.135025540836746,0.25002343102063973,0.18733661786171027,0.7001844697824409,0.8676847323043602,,,,
c6120,hist_gradient_boosting,pooled,False,595,595,1.0,-0.09945075349687137,3.082515510837568,7.913082975216164,1.848555579856181,0.8175084382319492,2.3,2.348956753061154,0.7003894887561181,0.2689075630252101,0.0,0.7294117647058823,0.0,,,,
c6120,hist_gradient_boosting,73,False,201,201,1.0,0.40934105951750666,3.8203685292380323,10.464055908184587,2.5005422819810343,0.9460593383662038,2.2,2.491819508552877,0.7300955012894879,0.24378109452736318,0.0,0.7313432835820896,0.0,,,,
c6120,hist_gradient_boosting,75,False,199,199,1.0,-0.6906725162274423,3.2737727492370565,7.4815738232898745,2.1686407400439514,0.7174380053844673,2.5,2.1251052962055854,0.622853068406451,0.25125628140703515,0.0,0.7236180904522613,0.0,,,,
c6120,hist_gradient_boosting,78,False,195,195,1.0,-0.020548310586647453,2.126778858837611,4.590648124155922,1.113853824444436,0.8620527094746334,2.3,2.5787927905561348,0.7486758160266729,0.3128205128205128,0.0,0.7333333333333333,0.0,,,,
c6120,hist_gradient_boosting,seen,False,466,466,1.0,-0.26029600076141296,3.022810868265183,8.114720289242536,1.8267984308778311,0.8001540287415716,2.5,2.363346397863575,0.7056500466903041,0.26824034334763946,0.0,0.7296137339055794,0.0,,,,
c6120,hist_gradient_boosting,unseen,False,129,129,1.0,0.4815871164665115,3.2981927467967265,7.137387916592598,2.0065808750880656,0.9073388022520016,2.0,2.0727890234206154,0.6848155450917176,0.2713178294573643,0.0,0.7286821705426356,0.0,,,,
c6120,hist_gradient_boosting,pooled,True,595,595,1.0,0.009227093490384149,2.68073771591881,6.732950304613551,1.2754186046750533,0.7828846828143947,2.5,2.3265519684522356,0.7003894887561181,0.2675903200975031,0.0,0.710995375904785,0.0,,,,
c6120,hist_gradient_boosting,73,True,201,201,1.0,0.1958964611473175,3.2603198646618297,8.599376620456976,1.679989998107655,0.7779320582626563,2.5108700857359127,2.4952896059638316,0.7300955012894879,0.22419710076912935,0.0,0.6535254857782558,0.0,,,,
c6120,hist_gradient_boosting,75,True,199,199,1.0,-0.31617289924158143,3.0409154796805766,7.014644134454887,2.0019076542329763,0.7432670259496935,2.0,1.924495324104097,0.622853068406451,0.2948782553613808,0.0,0.7675402041639795,0.0,,,,
c6120,hist_gradient_boosting,78,True,195,195,1.0,0.12767903218315108,1.635212849712142,2.838256934848702,0.5162157052215014,0.9646265656056605,2.5,2.8439299442646164,0.7486758160266729,0.2899197730516664,0.0,0.7195264472938225,0.0,,,,
c6120,hist_gradient_boosting,seen,True,466,466,1.0,-0.33307936718177933,2.4081320614839914,6.351277706623058,1.1321325229112649,0.7579992191506993,2.5,2.325752728078558,0.7056500466903041,0.2744936918094203,0.0,0.7163493545889794,0.0,,,,
c6120,hist_gradient_boosting,unseen,True,129,129,1.0,1.2779676249987455,3.691135948603825,7.9901320373231135,2.413833141536969,1.2058291232898597,1.990362650995164,2.4421147429928918,0.6848155450917176,0.2420033432178411,0.0,0.6911511411563944,0.0,,,,
c6120,history3,pooled,False,595,595,1.0,0.0852941176470588,2.922605042016807,7.0561383373127065,0.6994117647058823,1.0,2.3,2.1,0.6899455587854617,0.2689075630252101,0.2739495798319328,0.7294117647058823,0.7445378151260504,,,,
c6120,history3,73,False,201,201,1.0,1.1288557213930348,3.5079601990049745,8.776419957117001,1.4074626865671644,1.0,2.2,2.8,0.7331178954471214,0.24378109452736318,0.24378109452736318,0.7313432835820896,0.7711442786069652,,,,
c6120,history3,75,False,199,199,1.0,-0.7909547738693468,3.1216080402010054,7.280794934234302,1.455276381909548,0.8,2.5,2.0,0.6133840462587891,0.25125628140703515,0.2914572864321608,0.7236180904522613,0.7236180904522613,,,,
c6120,history3,78,False,195,195,1.0,-0.09615384615384617,2.116153846153846,4.292741339182714,0.6956410256410248,1.0,2.3,2.2,0.7222480674592148,0.3128205128205128,0.28717948717948716,0.7333333333333333,0.7384615384615385,,,,
c6120,history3,seen,False,466,466,1.0,0.021030042918454946,2.9148068669527896,7.2765755340095195,0.5615879828326171,1.0,2.5,2.1500000000000012,0.686393572766953,0.26824034334763946,0.26824034334763946,0.7296137339055794,0.7317596566523605,,,,
c6120,history3,unseen,False,129,129,1.0,0.3174418604651163,2.9507751937984494,6.194823107509474,1.412790697674419,1.0810810810810811,2.0,2.0,0.7062470520090322,0.2713178294573643,0.29457364341085274,0.7286821705426356,0.7906976744186046,,,,
c6120,history3,pooled,True,595,595,1.0,0.4672180738008131,2.67223731139573,6.478724572118813,0.7280440948590059,1.0260383345876583,2.5,2.0,0.6899455587854617,0.2675903200975031,0.29197026990977754,0.710995375904785,0.7471109304929846,,,,
c6120,history3,73,True,201,201,1.0,1.1954243179307849,3.217981774783279,7.91425667457578,1.2510270087987352,1.0,2.5108700857359127,3.0,0.7331178954471214,0.22419710076912935,0.2618896295094014,0.6535254857782558,0.7387188251862918,,,,
c6120,history3,75,True,199,199,1.0,-0.2725310644602021,2.8933356040710265,6.848065373445444,1.555932424975825,0.777564244362334,2.0,2.0,0.6133840462587891,0.2948782553613808,0.34963465797373233,0.7675402041639795,0.7624943538642633,,,,
c6120,history3,78,True,195,195,1.0,0.3831111032248807,1.8094913615908474,3.587062582738055,0.8394264727029386,1.1111111111111112,2.5,2.5,0.7222480674592148,0.2899197730516664,0.26749102813695236,0.7195264472938225,0.7410077216529689,,,,
c6120,history3,seen,True,466,466,1.0,0.14162909545784322,2.414140399296924,6.021090066894907,0.5234305844379076,0.954502430002752,2.5,2.0,0.686393572766953,0.2744936918094203,0.29394872148774526,0.7163493545889794,0.7413997636495098,,,,
c6120,history3,unseen,True,129,129,1.0,1.6739961539602468,3.6288596690161485,7.94833501040551,2.392694610612205,1.5889545255246034,1.990362650995164,2.3,0.7062470520090322,0.2420033432178411,0.2846372452813049,0.6911511411563944,0.7682790639903622,,,,
c6120,last_observation,pooled,False,595,595,1.0,0.31663865546218484,3.51327731092437,7.409176685682685,0.4746218487394956,1.0,2.3,2.5,0.5737554232278097,0.2689075630252101,0.24705882352941178,0.7294117647058823,0.7327731092436974,,,,
c6120,last_observation,73,False,201,201,1.0,1.145771144278607,3.8124378109452732,8.063680011222115,1.3895522388059702,1.0400000000000005,2.2,2.8,0.6225084444819419,0.24378109452736318,0.19900497512437812,0.7313432835820896,0.7014925373134329,,,,
c6120,last_observation,75,False,199,199,1.0,-0.3467336683417086,4.058291457286432,8.40434202208124,0.882412060301508,1.0,2.5,2.2,0.44960502878169034,0.25125628140703515,0.25125628140703515,0.7236180904522613,0.7336683417085427,,,,
c6120,last_observation,78,False,195,195,1.0,0.13897435897435895,2.6487179487179486,5.328919648051058,0.8292307692307688,1.0,2.3,2.3,0.6479284423655722,0.3128205128205128,0.2923076923076923,0.7333333333333333,0.764102564102564,,,,
c6120,last_observation,seen,False,466,466,1.0,0.21287553648068663,3.357081545064378,7.2943184428063175,0.49742489270386203,1.0,2.5,2.5,0.5857302431078154,0.26824034334763946,0.23390557939914164,0.7296137339055794,0.7188841201716738,,,,
c6120,last_observation,unseen,False,129,129,1.0,0.6914728682170543,4.077519379844961,7.810031315384518,1.1937984496124041,1.0810810810810811,2.0,2.0,0.5299006937249108,0.2713178294573643,0.29457364341085274,0.7286821705426356,0.7829457364341085,,,,
c6120,last_observation,pooled,True,595,595,1.0,0.4289655080597615,2.9912557465618153,6.68874297818194,0.7183997118700849,0.9234345011288924,2.5,2.2,0.5737554232278097,0.2675903200975031,0.2633625520425109,0.710995375904785,0.7127359663597793,,,,
c6120,last_observation,73,True,201,201,1.0,1.0030059354748087,3.467465003619083,7.602981466040893,1.2189748055668144,1.0,2.5108700857359127,2.5,0.6225084444819419,0.22419710076912935,0.22015191392003913,0.6535254857782558,0.6421065449301354,,,,
c6120,last_observation,75,True,199,199,1.0,-0.07096707934242742,3.52559726368286,7.6370315567810865,1.3918829692930732,0.75,2.0,2.0,0.44960502878169034,0.2948782553613808,0.29490072680799384,0.7675402041639795,0.7445724440026574,,,,
c6120,last_observation,78,True,195,195,1.0,0.2768588131712004,1.8863583277849605,3.941221984993804,0.6372585475424499,1.1111111111111112,2.5,2.3800066420982753,0.6479284423655722,0.2899197730516664,0.28109666905777264,0.7195264472938225,0.7620526019510916,,,,
c6120,last_observation,seen,True,466,466,1.0,0.1622927075443762,2.6412847680042555,5.99279673470683,0.5119510269982078,0.9,2.5,2.3,0.5857302431078154,0.2744936918094203,0.24423487267683816,0.7163493545889794,0.69327658784894,,,,
c6120,last_observation,unseen,True,129,129,1.0,1.4173739359940212,4.288404402405838,8.800633766996151,1.985506590497208,1.2552024657782357,1.990362650995164,2.0,0.5299006937249108,0.2420033432178411,0.33425826939844894,0.6911511411563944,0.784861108801394,,,,
c7010,conditional_donor,pooled,False,660,660,1.0,0.006060606060606061,,,,,,,,,,,,0.9090909090909091,3.6379173447396126e-05,0.872,
c7010,conditional_donor,73,False,220,220,1.0,0.004545454545454545,,,,,,,,,,,,0.9136363636363637,2.078178237771426e-05,0.8770604395604396,
c7010,conditional_donor,75,False,220,220,1.0,0.02727272727272727,,,,,,,,,,,,0.9,0.0007337980788739976,0.850609756097561,
c7010,conditional_donor,78,False,220,220,1.0,-0.013636363636363636,,,,,,,,,,,,0.9136363636363637,0.0001822231475713519,0.8903388278388278,
c7010,conditional_donor,seen,False,517,517,1.0,0.005802707930367505,,,,,,,,,,,,0.9168278529980658,3.500009592534242e-05,0.8767094017094017,
c7010,conditional_donor,unseen,False,143,143,1.0,0.006993006993006993,,,,,,,,,,,,0.8811188811188811,4.222183787623591e-05,0.8553488372093023,
c7010,conditional_donor,pooled,True,660,660,1.0,0.015332419457609764,,,,,,,,,,,,0.9289491978039991,0.0002712169039972432,0.875448267180214,
c7010,conditional_donor,73,True,220,220,1.0,0.00718264567646913,,,,,,,,,,,,0.9570463606394263,6.774776115743533e-05,0.9146173010893877,
c7010,conditional_donor,75,True,220,220,1.0,0.027838932153493378,,,,,,,,,,,,0.9159492224992983,0.0008210998543720738,0.8609416099018992,
c7010,conditional_donor,78,True,220,220,1.0,0.012113269830465073,,,,,,,,,,,,0.9103175874091992,0.0001631446418960466,0.8541408377368085,
c7010,conditional_donor,seen,True,517,517,1.0,0.017929823951216155,,,,,,,,,,,,0.9516905946663392,0.00041100607393401484,0.8982260447023416,
c7010,conditional_donor,unseen,True,143,143,1.0,0.006285124111136907,,,,,,,,,,,,0.8497362240406136,3.5539786570540566e-05,0.8104642891643057,
c7010,country_previous,pooled,False,660,660,1.0,0.15151515151515152,,,,,,,,,,,,0.7333333333333333,0.030749667665463606,0.53075,
c7010,country_previous,73,False,220,220,1.0,0.14545454545454545,,,,,,,,,,,,0.7272727272727273,0.02871952793189418,0.516025641025641,
c7010,country_previous,75,False,220,220,1.0,0.16363636363636364,,,,,,,,,,,,0.7181818181818181,0.034955600434649514,0.5228658536585367,
c7010,country_previous,78,False,220,220,1.0,0.14545454545454545,,,,,,,,,,,,0.7545454545454545,0.02871952793189418,0.5538003663003663,
c7010,country_previous,seen,False,517,517,1.0,0.14313346228239845,,,,,,,,,,,,0.7408123791102514,0.029186209870031222,0.5180555555555556,
c7010,country_previous,unseen,False,143,143,1.0,0.18181818181818182,,,,,,,,,,,,0.7062937062937062,0.03694147150197338,0.5646511627906977,
c7010,country_previous,pooled,True,660,660,1.0,0.18114791167089445,,,,,,,,,,,,0.7947083864815477,0.06843266885772374,0.5133042471408056,
c7010,country_previous,73,True,220,220,1.0,0.14631970371390163,,,,,,,,,,,,0.8259130360185288,0.050521100387310905,0.514686132799767,
c7010,country_previous,75,True,220,220,1.0,0.211309048895936,,,,,,,,,,,,0.7672381886045346,0.08426617140353482,0.5137075481808493,
c7010,country_previous,78,True,220,220,1.0,0.19037686761513165,,,,,,,,,,,,0.786880919936762,0.07405273151484296,0.5119224364145257,
c7010,country_previous,seen,True,517,517,1.0,0.16017016436408013,,,,,,,,,,,,0.8162993519703204,0.059210241067227325,0.5125139377808707,
c7010,country_previous,unseen,True,143,143,1.0,0.25421773042865975,,,,,,,,,,,,0.7195026023715764,0.10246614758700788,0.5143675682418164,
c7010,deepseek_demo,pooled,False,660,660,1.0,0.022727272727272728,,,,,,,,,,,,0.7166666666666667,0.0005244445307451193,0.598375,
c7010,deepseek_demo,73,False,220,220,1.0,0.05454545454545454,,,,,,,,,,,,0.7181818181818181,0.0032519022554586084,0.5698260073260073,
c7010,deepseek_demo,75,False,220,220,1.0,0.022727272727272728,,,,,,,,,,,,0.7227272727272728,0.0005062676935771887,0.6199912891986062,
c7010,deepseek_demo,78,False,220,220,1.0,-0.00909090909090909,,,,,,,,,,,,0.7090909090909091,8.150277398366203e-05,0.6037087912087913,
c7010,deepseek_demo,seen,False,517,517,1.0,0.005802707930367505,,,,,,,,,,,,0.7117988394584139,3.500009592534242e-05,0.5839636752136752,
c7010,deepseek_demo,unseen,False,143,143,1.0,0.08391608391608392,,,,,,,,,,,,0.7342657342657343,0.006643898245338996,0.6443023255813953,
c7010,deepseek_demo,pooled,True,660,660,1.0,0.0034214895501603264,,,,,,,,,,,,0.7454444839926047,1.319850366074479e-05,0.6015016447409136,
c7010,deepseek_demo,73,True,220,220,1.0,-0.031832333160139885,,,,,,,,,,,,0.7605135238661082,0.0012190701027818631,0.6093571991306085,
c7010,deepseek_demo,75,True,220,220,1.0,0.04536280793771772,,,,,,,,,,,,0.6995878712058787,0.0022487829031291214,0.5438014939665368,
c7010,deepseek_demo,78,True,220,220,1.0,0.001498463517436961,,,,,,,,,,,,0.7738361412263454,2.4492078674188502e-06,0.6575983288774461,
c7010,deepseek_demo,seen,True,517,517,1.0,-0.028867733832094157,,,,,,,,,,,,0.7475818894919569,0.0009640562375553001,0.6020920362287296,
c7010,deepseek_demo,unseen,True,143,143,1.0,0.11589151151500346,,,,,,,,,,,,0.73799945997905,0.014125834450972331,0.612478506010242,
c7010,deepseek_history,pooled,False,660,660,1.0,0.019696969696969695,,,,,,,,,,,,0.9106060606060606,0.0003920900880211103,0.8645,
c7010,deepseek_history,73,False,220,220,1.0,0.04090909090909091,,,,,,,,,,,,0.9136363636363637,0.0017848774340928754,0.850503663003663,
c7010,deepseek_history,75,False,220,220,1.0,0.013636363636363636,,,,,,,,,,,,0.9136363636363637,0.00017995971303144857,0.8773954703832753,
c7010,deepseek_history,78,False,220,220,1.0,0.004545454545454545,,,,,,,,,,,,0.9045454545454545,2.078178237771426e-05,0.8644688644688645,
c7010,deepseek_history,seen,False,517,517,1.0,0.02321083172147002,,,,,,,,,,,,0.9148936170212766,0.000576457999507171,0.8603418803418803,
c7010,deepseek_history,unseen,False,143,143,1.0,0.006993006993006993,,,,,,,,,,,,0.8951048951048951,4.222183787623591e-05,0.8719767441860465,
c7010,deepseek_history,pooled,True,660,660,1.0,0.025331674907742806,,,,,,,,,,,,0.9114208099032535,0.0007555334134319928,0.8389598542259102,
c7010,deepseek_history,73,True,220,220,1.0,0.037878242565376745,,,,,,,,,,,,0.935514968093164,0.0020452968157821825,0.8396234517032863,
c7010,deepseek_history,75,True,220,220,1.0,0.024544243330302765,,,,,,,,,,,,0.8765057154107531,0.0006347107230635578,0.8080187315006583,
c7010,deepseek_history,78,True,220,220,1.0,0.012058833002405109,,,,,,,,,,,,0.918905053027102,0.00016166534584419846,0.8671397118293138,
c7010,deepseek_history,seen,True,517,517,1.0,0.03294330397019994,,,,,,,,,,,,0.9409293299415886,0.0014401006964179926,0.8635185049063308,
c7010,deepseek_history,unseen,True,143,143,1.0,-0.0011811983722406312,,,,,,,,,,,,0.8086365509704253,1.2450013453307105e-06,0.7636166901281585,
c7010,deepseek_history1,pooled,False,660,660,1.0,0.05303030303030303,,,,,,,,,,,,0.8378787878787879,0.00300174339777542,0.742125,
c7010,deepseek_history1,73,False,220,220,1.0,0.06818181818181818,,,,,,,,,,,,0.85,0.005215699139793688,0.742445054945055,
c7010,deepseek_history1,75,False,220,220,1.0,0.04090909090909091,,,,,,,,,,,,0.8227272727272728,0.0016849960100820728,0.7399825783972125,
c7010,deepseek_history1,78,False,220,220,1.0,0.05,,,,,,,,,,,,0.8409090909090909,0.002709787300246437,0.7431318681318682,
c7010,deepseek_history1,seen,False,517,517,1.0,0.0425531914893617,,,,,,,,,,,,0.8375241779497099,0.002006387208200015,0.7347542735042736,
c7010,deepseek_history1,unseen,False,143,143,1.0,0.09090909090909091,,,,,,,,,,,,0.8391608391608392,0.00787273477094277,0.7656976744186046,
c7010,deepseek_history1,pooled,True,660,660,1.0,0.05934085353818148,,,,,,,,,,,,0.8753557123920699,0.004478418819241909,0.7514329574461227,
c7010,deepseek_history1,73,True,220,220,1.0,0.0421771763415985,,,,,,,,,,,,0.9057399433581776,0.0025682055131074754,0.7812450042071579,
c7010,deepseek_history1,75,True,220,220,1.0,0.056182198496226535,,,,,,,,,,,,0.8324952306738249,0.0035205594967743885,0.7223412678378984,
c7010,deepseek_history1,78,True,220,220,1.0,0.08167942801330375,,,,,,,,,,,,0.8836392355355618,0.008641388091053503,0.7530056252760666,
c7010,deepseek_history1,seen,True,517,517,1.0,0.04887736128917683,,,,,,,,,,,,0.8854573857441032,0.003309148511750595,0.7517388712904711,
c7010,deepseek_history1,unseen,True,143,143,1.0,0.09578735425275982,,,,,,,,,,,,0.8401695014902225,0.00932092643358385,0.7499572994120927,
c7010,deepseek_history_repeat,pooled,False,132,132,1.0,0.06060606060606061,,,,,,,,,,,,0.8939393939393939,0.004201383092220469,0.8019607843137255,
c7010,deepseek_history_repeat,73,False,44,44,1.0,0.06818181818181818,,,,,,,,,,,,0.8863636363636364,0.004968676393644124,0.803030303030303,
c7010,deepseek_history_repeat,75,False,44,44,1.0,0.022727272727272728,,,,,,,,,,,,0.8863636363636364,0.000512837002269042,0.8333333333333334,
c7010,deepseek_history_repeat,78,False,44,44,1.0,0.09090909090909091,,,,,,,,,,,,0.9090909090909091,0.012867986557401916,0.75,
c7010,deepseek_history_repeat,seen,False,99,99,1.0,0.050505050505050504,,,,,,,,,,,,0.9090909090909091,0.0029147247354868954,0.827922077922078,
c7010,deepseek_history_repeat,unseen,False,33,33,1.0,0.09090909090909091,,,,,,,,,,,,0.8484848484848485,0.009492160738395396,0.73,
c7010,deepseek_history_repeat,pooled,True,132,132,1.0,0.01122334273883504,,,,,,,,,,,,0.9200376368095752,0.00018827646172693533,0.8237372546865451,
c7010,deepseek_history_repeat,73,True,44,44,1.0,0.023471485650849704,,,,,,,,,,,,0.9363775533185242,0.0011348854126381656,0.7888215522027484,
c7010,deepseek_history_repeat,75,True,44,44,1.0,-0.027838299899533053,,,,,,,,,,,,0.857209376944006,0.0008178957479442106,0.8061255243971428,
c7010,deepseek_history_repeat,78,True,44,44,1.0,0.03605631202175223,,,,,,,,,,,,0.9639436879782477,0.002358350453775263,0.8618161256279444,
c7010,deepseek_history_repeat,seen,True,99,99,1.0,0.03407038046282026,,,,,,,,,,,,0.9432559822148308,0.001614709267684615,0.859958708062863,
c7010,deepseek_history_repeat,unseen,True,33,33,1.0,-0.053066608215083196,,,,,,,,,,,,0.8547028522581436,0.005515440998412212,0.6477227717536421,
c7010,deepseek_matched_history,pooled,False,660,660,1.0,0.022727272727272728,,,,,,,,,,,,0.6924242424242424,0.0005244445307451193,0.565375,
c7010,deepseek_matched_history,73,False,220,220,1.0,0.03636363636363636,,,,,,,,,,,,0.6909090909090909,0.0013992563264118717,0.5453296703296703,
c7010,deepseek_matched_history,75,False,220,220,1.0,0.01818181818181818,,,,,,,,,,,,0.7090909090909091,0.0003219439134691556,0.6049651567944251,
c7010,deepseek_matched_history,78,False,220,220,1.0,0.013636363636363636,,,,,,,,,,,,0.6772727272727272,0.00018963412761446806,0.5430402930402931,
c7010,deepseek_matched_history,seen,False,517,517,1.0,0.0,,,,,,,,,,,,0.7021276595744681,0.0,0.5746901709401709,
c7010,deepseek_matched_history,unseen,False,143,143,1.0,0.1048951048951049,,,,,,,,,,,,0.6573426573426573,0.010695066291302048,0.5429069767441861,
c7010,deepseek_matched_history,pooled,True,660,660,1.0,0.028772685578776446,,,,,,,,,,,,0.7148096771398801,0.000981800659890371,0.530431680529563,
c7010,deepseek_matched_history,73,True,220,220,1.0,0.045088940157792017,,,,,,,,,,,,0.7638588817698815,0.0029608690328782926,0.5239457591093994,
c7010,deepseek_matched_history,75,True,220,220,1.0,0.005848868417366622,,,,,,,,,,,,0.6974032992231877,3.497485424294356e-05,0.5705263463425753,
c7010,deepseek_matched_history,78,True,220,220,1.0,0.03312994987252999,,,,,,,,,,,,0.6770648480283027,0.0012711112285379476,0.48396125336819784,
c7010,deepseek_matched_history,seen,True,517,517,1.0,0.005026106509734697,,,,,,,,,,,,0.7146847360019638,3.134847130091556e-05,0.5091014198156578,
c7010,deepseek_matched_history,unseen,True,143,143,1.0,0.11148691620201336,,,,,,,,,,,,0.7152448728817975,0.012969719809139309,0.5866888937107672,
c7010,deepseek_reversed_history,pooled,False,660,660,1.0,0.00909090909090909,,,,,,,,,,,,0.9090909090909091,8.221293865605504e-05,0.869875,
c7010,deepseek_reversed_history,73,False,220,220,1.0,0.01818181818181818,,,,,,,,,,,,0.9181818181818182,0.000339529430122347,0.8733974358974359,
c7010,deepseek_reversed_history,75,False,220,220,1.0,0.02727272727272727,,,,,,,,,,,,0.9,0.0007337980788739976,0.850609756097561,
c7010,deepseek_reversed_history,78,False,220,220,1.0,-0.01818181818181818,,,,,,,,,,,,0.9090909090909091,0.0003219439134691556,0.8873626373626373,
c7010,deepseek_reversed_history,seen,False,517,517,1.0,0.01160541586073501,,,,,,,,,,,,0.9187620889748549,0.0001413243908014873,0.8749358974358974,
c7010,deepseek_reversed_history,unseen,False,143,143,1.0,0.0,,,,,,,,,,,,0.8741258741258742,0.0,0.8503488372093023,
c7010,deepseek_reversed_history,pooled,True,660,660,1.0,0.008295705535337882,,,,,,,,,,,,0.929809692838221,7.831201777130647e-05,0.8833057744717174,
c7010,deepseek_reversed_history,73,True,220,220,1.0,0.013783577908525548,,,,,,,,,,,,0.9713509608270054,0.00025364800612256056,0.9323665522919216,
c7010,deepseek_reversed_history,75,True,220,220,1.0,0.025559788876114292,,,,,,,,,,,,0.9094474490026704,0.0006894956122963583,0.8535269165907231,
c7010,deepseek_reversed_history,78,True,220,220,1.0,-0.01489177181222523,,,,,,,,,,,,0.9033903792721234,0.00023524159532260119,0.867334509606264,
c7010,deepseek_reversed_history,seen,True,517,517,1.0,0.014158090225253321,,,,,,,,,,,,0.9495444740325321,0.00025400169055779634,0.8986947302614932,
c7010,deepseek_reversed_history,unseen,True,143,143,1.0,-0.012124188961211422,,,,,,,,,,,,0.8610693813070566,0.00012965847582951134,0.8345098433141727,
c7010,deepseek_shuffled_history,pooled,False,660,660,1.0,0.031818181818181815,,,,,,,,,,,,0.6621212121212121,0.0010427249524418392,0.51775,
c7010,deepseek_shuffled_history,73,False,220,220,1.0,0.04090909090909091,,,,,,,,,,,,0.6863636363636364,0.0017848774340928754,0.5357142857142857,
c7010,deepseek_shuffled_history,75,False,220,220,1.0,0.04090909090909091,,,,,,,,,,,,0.6318181818181818,0.0016849960100820728,0.4884581881533101,
c7010,deepseek_shuffled_history,78,False,220,220,1.0,0.013636363636363636,,,,,,,,,,,,0.6681818181818182,0.00018963412761446806,0.530448717948718,
c7010,deepseek_shuffled_history,seen,False,517,517,1.0,0.019342359767891684,,,,,,,,,,,,0.6750483558994197,0.0003976737979602282,0.5209081196581197,
c7010,deepseek_shuffled_history,unseen,False,143,143,1.0,0.07692307692307693,,,,,,,,,,,,0.6153846153846154,0.005530888077333323,0.5062790697674419,
c7010,deepseek_shuffled_history,pooled,True,660,660,1.0,0.05114787329133381,,,,,,,,,,,,0.714941096925253,0.003261844340625747,0.5098999714244647,
c7010,deepseek_shuffled_history,73,True,220,220,1.0,0.06887079229708108,,,,,,,,,,,,0.797434524873476,0.007467566835221418,0.5557587570261483,
c7010,deepseek_shuffled_history,75,True,220,220,1.0,0.054715888387407756,,,,,,,,,,,,0.6769256216117887,0.0033297591732491002,0.5049151462472664,
c7010,deepseek_shuffled_history,78,True,220,220,1.0,0.027778945078562264,,,,,,,,,,,,0.6600880214895927,0.0008841060009616321,0.4630420074499426,
c7010,deepseek_shuffled_history,seen,True,517,517,1.0,0.03723052328844779,,,,,,,,,,,,0.7380644667340251,0.0018599972301406422,0.5137003655230876,
c7010,deepseek_shuffled_history,unseen,True,143,143,1.0,0.0996248726290525,,,,,,,,,,,,0.6343976326397949,0.010147135675169661,0.49299911346575803,
c7010,hist_gradient_boosting,pooled,False,660,660,1.0,-0.0015151515151515152,,,,,,,,,,,,0.9257575757575758,2.2494408201907703e-06,0.8999999999999999,
c7010,hist_gradient_boosting,73,False,220,220,1.0,0.013636363636363636,,,,,,,,,,,,0.9318181818181818,0.00018963412761446806,0.8956043956043955,
c7010,hist_gradient_boosting,75,False,220,220,1.0,0.013636363636363636,,,,,,,,,,,,0.9227272727272727,0.00017995971303144857,0.8893728222996515,
c7010,hist_gradient_boosting,78,False,220,220,1.0,-0.031818181818181815,,,,,,,,,,,,0.9227272727272727,0.0009683793982142137,0.9162087912087913,
c7010,hist_gradient_boosting,seen,False,517,517,1.0,0.0038684719535783366,,,,,,,,,,,,0.9342359767891683,1.5507666574303098e-05,0.9030769230769231,
c7010,hist_gradient_boosting,unseen,False,143,143,1.0,-0.02097902097902098,,,,,,,,,,,,0.8951048951048951,0.00037033325706701755,0.8852325581395348,
c7010,hist_gradient_boosting,pooled,True,660,660,1.0,-0.0006237455374889363,,,,,,,,,,,,0.9348315308536527,4.3534406150257413e-07,0.8993706867717907,
c7010,hist_gradient_boosting,73,True,220,220,1.0,0.011582069855815235,,,,,,,,,,,,0.9705591654700476,0.00017809743104605838,0.9335657470587353,
c7010,hist_gradient_boosting,75,True,220,220,1.0,0.0016094876079301719,,,,,,,,,,,,0.9223206452798349,2.631280734125651e-06,0.8896687109011392,
c7010,hist_gradient_boosting,78,True,220,220,1.0,-0.016496796572717534,,,,,,,,,,,,0.9071722206961221,0.00028792494315471313,0.8744431914303286,
c7010,hist_gradient_boosting,seen,True,517,517,1.0,0.016149613666089375,,,,,,,,,,,,0.9509900244912182,0.0003320360780693174,0.8989786976620013,
c7010,hist_gradient_boosting,unseen,True,143,143,1.0,-0.05904881373183389,,,,,,,,,,,,0.8785481661898069,0.002942656986883929,0.881669688134453,
c7010,history3,pooled,False,660,660,1.0,-0.006060606060606061,,,,,,,,,,,,0.9333333333333333,3.576586958356157e-05,0.9135,
c7010,history3,73,False,220,220,1.0,0.004545454545454545,,,,,,,,,,,,0.9409090909090909,2.078178237771426e-05,0.9148351648351649,
c7010,history3,75,False,220,220,1.0,0.00909090909090909,,,,,,,,,,,,0.9272727272727272,7.949073676498184e-05,0.8983013937282229,
c7010,history3,78,False,220,220,1.0,-0.031818181818181815,,,,,,,,,,,,0.9318181818181818,0.0009683793982142137,0.9288003663003663,
c7010,history3,seen,False,517,517,1.0,-0.0019342359767891683,,,,,,,,,,,,0.9439071566731141,3.8417662795566315e-06,0.9214209401709401,
c7010,history3,unseen,False,143,143,1.0,-0.02097902097902098,,,,,,,,,,,,0.8951048951048951,0.00037033325706701755,0.8852325581395348,
c7010,history3,pooled,True,660,660,1.0,-0.009660952337909184,,,,,,,,,,,,0.944463160810036,0.00010274130248539475,0.9227037853050345,
c7010,history3,73,True,220,220,1.0,0.008281083092443487,,,,,,,,,,,,0.9738601522334195,9.029810617960884e-05,0.9433937249376513,
c7010,history3,75,True,220,220,1.0,-0.010834188694599884,,,,,,,,,,,,0.934764321582365,0.00011705476001862103,0.9165311391189962,
c7010,history3,78,True,220,220,1.0,-0.02859501136631887,,,,,,,,,,,,0.9211172916846594,0.0008485922214401603,0.9060656174612859,
c7010,history3,seen,True,517,517,1.0,0.004517898711117388,,,,,,,,,,,,0.9633868166282765,2.53007098605717e-05,0.9327748423714202,
c7010,history3,unseen,True,143,143,1.0,-0.05904881373183389,,,,,,,,,,,,0.8785481661898069,0.002942656986883929,0.881669688134453,
c7010,last_observation,pooled,False,660,660,1.0,-0.0015151515151515152,,,,,,,,,,,,0.9136363636363637,2.2494408201907703e-06,0.8835,
c7010,last_observation,73,False,220,220,1.0,0.013636363636363636,,,,,,,,,,,,0.9227272727272727,0.00018963412761446806,0.8830128205128205,
c7010,last_observation,75,False,220,220,1.0,-0.004545454545454545,,,,,,,,,,,,0.9045454545454545,1.9521929223382344e-05,0.877177700348432,
c7010,last_observation,78,False,220,220,1.0,-0.013636363636363636,,,,,,,,,,,,0.9136363636363637,0.0001822231475713519,0.8903388278388278,
c7010,last_observation,seen,False,517,517,1.0,-0.0019342359767891683,,,,,,,,,,,,0.9206963249516441,3.8417662795566315e-06,0.8882799145299145,
c7010,last_observation,unseen,False,143,143,1.0,0.0,,,,,,,,,,,,0.8881118881118881,0.0,0.8669767441860465,
c7010,last_observation,pooled,True,660,660,1.0,0.010204355773048894,,,,,,,,,,,,0.9105915460563114,0.0001189307962466969,0.8516909710062845,
c7010,last_observation,73,True,220,220,1.0,0.008619997865453687,,,,,,,,,,,,0.9364231029525046,9.792273992460531e-05,0.8760123735262557,
c7010,last_observation,75,True,220,220,1.0,0.014635409047238042,,,,,,,,,,,,0.8695426135688511,0.00022203999264810943,0.8057087984735244,
c7010,last_observation,78,True,220,220,1.0,0.007604544623401369,,,,,,,,,,,,0.9221850937041928,6.376996051194669e-05,0.8759859258337837,
c7010,last_observation,seen,True,517,517,1.0,0.018930642094232182,,,,,,,,,,,,0.9384188286219953,0.00045926764575222927,0.8745535103716692,
c7010,last_observation,unseen,True,143,143,1.0,-0.020191098542968442,,,,,,,,,,,,0.813663383853921,0.00035665650745228436,0.7801776487294512,
